snv,qtd_2007,qtd_2008,qtd_2009,qtd_2010,qtd_2011,qtd_2012
010BMA0350,1,1,NULL,NULL,NULL,1
010BMA0370,14,17,30,24,33,21
010BMA0390,31,38,39,54,42,33
010BMA0400,22,20,18,24,25,32
010BMA0410,25,18,21,27,18,34
010BMA0420,21,10,14,8,14,20
010BMA0430,196,182,160,202,291,275
010BMA0450,123,161,140,136,189,208
010BMA0460,30,27,29,30,29,41
010BMA0470,34,37,29,40,42,43
010BPA0490,39,38,23,32,40,36
010BPA0510,77,56,41,39,44,43
010BPA0530,46,32,21,24,29,24
010BPA0550,23,3,9,9,17,5
010BPA0570,70,52,59,56,74,51
010BPA0590,14,20,22,21,34,12
010BPA0610,7,9,6,5,5,10
010BPA0630,5,3,2,1,2,5
010BPA0650,10,6,8,5,13,12
010BPA0670,31,27,33,28,40,37
010BPA0690,2,2,2,3,4,4
010BPA0710,NULL,NULL,NULL,1,NULL,NULL
020BBA0220,9,8,7,8,9,4
020BBA0225,9,5,11,8,8,8
020BBA0230,15,27,20,11,14,14
020BBA0235,8,7,13,5,5,NULL
020BBA0240,43,28,43,32,28,45
020BCE0510,116,118,175,229,228,214
020BCE0520,NULL,2,1,1,2,2
020BCE0530,1,1,1,3,2,2
020BCE0540,6,6,4,8,8,4
020BCE0550,12,12,7,26,17,12
020BCE0560,18,32,15,35,32,22
020BCE0570,5,9,6,15,1,4
020BCE0580,7,5,7,9,4,3
020BCE0590,27,22,28,38,23,25
020BCE0600,21,23,20,32,42,29
020BCE0610,5,8,9,6,11,5
020BCE0630,10,8,8,17,8,11
020BCE0640,11,10,14,16,13,13
020BCE0650,67,48,83,87,105,91
020BCE0660,1,NULL,1,1,NULL,1
020BCE9010,43,62,74,100,104,146
020BDF0050,2,5,17,7,4,5
020BDF0051,3,1,3,5,5,1
020BDF0052,5,9,17,8,14,12
020BDF0053,12,11,13,26,42,38
020BDF0054,8,4,3,10,11,16
020BDF0060,11,9,13,21,24,28
020BDF0070,1,3,7,2,3,2
020BGO0090,8,14,29,22,27,23
020BGO0110,39,51,55,57,75,87
020BGO0120,9,13,19,11,15,20
020BGO0130,32,50,53,64,77,73
020BGO0150,23,33,20,23,26,27
020BGO0160,27,20,21,34,29,35
020BGO0170,51,36,55,65,44,61
020BGO0190,17,13,20,25,15,25
020BGO0195,19,27,22,52,34,39
020BGO0200,11,14,17,22,28,19
020BGO0210,10,13,16,19,35,25
020BPI0370,6,NULL,NULL,NULL,NULL,NULL
020BPI0375,4,NULL,NULL,NULL,NULL,NULL
020BPI0380,NULL,NULL,NULL,NULL,1,NULL
020BPI0415,NULL,NULL,1,NULL,NULL,NULL
020BPI0495,NULL,5,3,9,10,6
020BPI9010,1,NULL,NULL,NULL,NULL,NULL
030BBA0225,NULL,NULL,NULL,NULL,1,NULL
030BBA0242,NULL,1,NULL,NULL,NULL,NULL
030BBA0250,NULL,NULL,NULL,1,NULL,NULL
030BBA0252,NULL,NULL,NULL,1,NULL,1
030BBA0254,NULL,1,NULL,NULL,NULL,NULL
030BBA0414,NULL,NULL,NULL,NULL,NULL,1
030BBA0430,NULL,NULL,NULL,NULL,1,NULL
030BBA0450,NULL,NULL,NULL,NULL,4,NULL
040BDF0010,90,102,136,156,146,109
040BDF0012,58,77,109,102,106,103
040BDF0015,6,9,10,12,5,5
040BDF0017,47,46,56,65,56,77
040BDF0020,NULL,NULL,NULL,1,1,1
040BGO0030,572,491,619,867,849,622
040BGO0050,113,91,107,147,137,167
040BGO0070,44,41,44,47,53,57
040BMG0090,65,67,62,84,103,105
040BMG0093,59,68,63,67,81,66
040BMG0097,11,22,29,32,32,29
040BMG0100,24,18,30,17,12,28
040BMG0110,18,25,13,21,16,19
040BMG0120,17,36,35,23,30,26
040BMG0130,65,75,66,79,97,69
040BMG0150,72,86,97,70,69,56
040BMG0170,130,95,90,113,110,138
040BMG0190,41,19,28,35,58,57
040BMG0195,24,20,25,43,36,34
040BMG0200,36,30,24,32,33,29
040BMG0210,25,36,10,8,16,19
040BMG0217,46,56,45,29,29,59
040BMG0230,19,11,33,19,26,18
040BMG0250,146,152,127,109,97,98
040BMG0266,9,22,22,14,13,13
040BMG0270,157,162,198,259,205,228
040BMG0290,18,24,25,24,30,22
040BMG0330,307,309,356,489,507,413
040BMG0350,343,386,390,539,652,572
040BMG0360,326,348,379,384,438,390
040BMG0370,44,59,67,60,85,86
040BMG0390,1,1,NULL,NULL,1,NULL
040BMG0400,274,281,307,336,339,363
040BMG0410,264,295,407,355,329,296
040BMG0430,114,117,125,154,169,154
040BMG0450,59,67,52,89,97,105
040BMG0457,27,28,29,43,40,30
040BMG0470,117,136,155,192,172,160
040BMG0490,252,264,256,338,346,343
040BMG0510,184,195,209,241,220,235
040BMG0520,10,15,14,16,17,15
040BMG0530,130,134,122,167,130,86
040BMG0550,131,149,144,189,183,106
040BMG0565,89,132,127,133,115,118
040BMG0570,124,196,185,177,215,208
040BMG0580,24,41,48,47,49,73
040BMG0590,19,28,62,44,53,40
040BMG0595,28,27,40,32,47,57
040BMG0600,64,34,43,54,51,60
040BMG0610,29,22,19,22,23,19
040BMG0630,40,29,29,25,37,30
040BMG0650,117,82,119,104,111,97
040BRJ0670,31,44,51,64,82,73
040BRJ0690,10,7,8,9,7,13
040BRJ0730,2,3,1,3,2,NULL
040BRJ0770,72,92,82,102,110,85
040BRJ0790,37,48,42,48,58,54
040BRJ0810,33,50,56,40,39,69
040BRJ0830,11,14,9,13,7,9
040BRJ0850,16,9,17,15,9,12
040BRJ0870,186,194,187,234,282,321
040BRJ0890,157,172,154,188,234,200
040BRJ0910,325,326,300,420,473,452
040BRJ0930,145,160,140,161,181,203
040BRJ0950,128,201,188,269,344,359
040BRJ0970,162,189,225,261,264,265
040BRJ0990,564,607,567,917,996,832
040BRJ0995,15,25,20,30,38,19
040BRJ9510,9,9,12,7,5,7
040BRJ9530,21,31,30,33,32,25
040BRJ9550,6,7,10,13,19,11
040BRJ9570,84,127,122,137,157,140
040BRJ9590,11,10,9,10,19,9
050BGO0070,20,23,27,33,27,33
050BGO0075,11,8,14,13,17,8
050BGO0080,2,1,3,2,2,4
050BGO0090,15,22,22,12,22,10
050BGO0095,9,12,11,7,5,5
050BGO0110,22,37,42,36,30,28
050BGO0120,4,4,2,4,6,3
050BGO0130,26,25,28,18,29,24
050BGO0135,13,15,23,13,17,25
050BGO0140,9,13,15,9,7,4
050BGO0150,45,33,48,43,73,58
050BGO0152,48,73,54,72,57,57
050BGO0154,9,8,17,10,7,4
050BMG0170,40,35,30,34,43,64
050BMG0190,58,74,66,60,67,80
050BMG0210,172,187,211,220,234,212
050BMG0240,140,170,171,253,264,289
050BMG0250,179,189,196,225,234,239
050BMG0260,133,131,126,141,144,167
050BMG0265,69,71,56,61,71,69
050BMG0270,43,55,59,68,81,84
050BMG0285,21,22,23,26,23,30
060BDF0010,28,17,33,27,29,43
060BDF0011,24,20,18,27,37,43
060BDF0012,57,46,54,37,80,57
060BDF0014,24,25,31,20,20,25
060BDF0030,38,25,24,30,30,29
060BDF0050,24,16,18,26,25,33
060BDF0070,9,7,20,18,9,9
060BGO0092,80,97,96,138,126,89
060BGO0100,11,13,20,13,15,12
060BGO0110,126,127,157,174,128,93
060BGO0111,8,10,4,6,13,8
060BGO0112,141,180,195,208,196,197
060BGO0114,91,96,118,114,147,157
060BGO0116,76,139,183,145,142,114
060BGO0118,250,306,367,335,274,232
060BGO0130,4,5,8,11,4,NULL
060BGO0152,163,181,265,309,246,180
060BGO0170,61,79,73,69,80,83
060BGO0172,13,17,14,10,18,31
060BGO0190,20,13,25,20,18,25
060BGO0210,53,48,51,60,56,57
060BGO0230,80,96,103,104,76,85
060BGO0232,33,33,30,42,43,32
060BGO0250,30,30,33,42,30,46
060BGO0252,43,51,54,43,65,79
060BGO0270,60,75,96,90,130,132
060BGO0271,73,118,94,136,179,205
060BGO0272,NULL,1,3,4,NULL,1
060BGO0273,3,9,11,6,7,9
060BGO0290,2,1,4,NULL,3,NULL
060BGO0292,1,1,NULL,NULL,NULL,NULL
060BGO9030,27,16,23,44,25,33
060BGO9040,26,42,42,33,26,27
060BMS0370,1,NULL,3,1,1,1
060BMS0380,13,3,8,7,6,6
060BMS0384,NULL,1,1,1,1,NULL
060BMS0386,7,3,2,5,4,4
060BMS0390,3,8,4,5,13,5
060BMS0395,1,3,1,2,8,1
060BMS0400,16,12,14,21,21,21
060BMS0402,5,4,5,11,13,14
060BMS0405,4,5,1,NULL,3,2
060BMS0410,3,2,2,5,6,5
060BMS0420,2,1,3,2,5,3
060BMS0425,5,3,9,5,10,8
060BMS0490,NULL,NULL,NULL,NULL,2,NULL
060BMS0495,NULL,NULL,NULL,3,6,3
060BMS0500,NULL,NULL,NULL,1,NULL,NULL
060BMS0620,2,4,NULL,NULL,NULL,NULL
060BMS0630,5,4,NULL,NULL,NULL,NULL
060BMS0632,9,12,16,9,12,16
060BMS0634,1,2,3,6,NULL,3
060BMS0635,2,2,8,7,5,7
060BMS0636,NULL,1,NULL,NULL,1,1
060BMS0650,1,1,NULL,NULL,1,1
070BDF0010,112,129,127,114,191,153
070BDF0012,64,59,43,71,100,75
070BDF0030,28,15,11,14,17,14
070BDF0050,23,25,26,36,60,50
070BGO0070,26,15,28,51,71,70
070BGO0072,144,131,126,99,149,159
070BGO0075,30,25,27,28,29,48
070BGO0080,NULL,1,1,1,1,1
070BGO0085,1,NULL,NULL,1,NULL,1
070BGO0090,NULL,NULL,NULL,3,1,2
070BGO0110,1,2,1,1,2,4
070BGO0120,2,3,1,6,6,7
070BGO0190,NULL,1,2,3,NULL,NULL
070BGO0210,29,26,38,21,6,6
070BGO0220,2,5,1,3,2,NULL
070BGO0230,11,16,16,12,5,2
070BGO0250,4,11,8,10,3,2
070BGO0255,6,5,5,7,2,6
070BGO0260,11,10,8,20,4,11
070BGO0265,23,13,12,11,10,12
070BGO0275,1,NULL,NULL,NULL,NULL,1
070BMT0290,NULL,NULL,NULL,NULL,NULL,1
070BMT0295,NULL,NULL,NULL,1,1,NULL
070BMT0300,23,37,22,26,35,43
070BMT0310,11,28,34,32,36,39
070BMT0320,4,5,7,4,7,4
070BMT0321,3,4,12,8,10,13
070BMT0322,9,12,8,23,26,23
070BMT0324,NULL,3,1,6,10,2
070BMT0326,8,17,16,19,18,22
070BMT0328,2,6,7,9,9,13
070BMT0330,31,51,53,78,78,65
070BMT0350,28,54,56,65,48,35
070BMT0370,8,17,17,15,11,16
070BMT0372,9,8,21,18,22,20
070BMT0373,1,NULL,1,3,NULL,NULL
070BMT0374,40,37,31,39,31,52
070BMT0375,4,4,6,5,3,9
070BMT0376,10,3,2,5,4,5
070BMT0378,2,3,1,2,6,3
070BMT0390,6,5,5,2,3,18
070BMT0535,NULL,NULL,2,1,3,5
070BMT0550,19,27,33,30,40,22
070BMT0555,8,10,15,18,14,17
070BMT0560,1,4,2,3,NULL,5
070BMT0562,38,57,55,64,55,60
070BMT0570,106,120,167,170,110,144
070BMT0575,36,39,35,24,26,26
070BMT0580,24,21,21,22,21,22
070BMT0585,10,4,5,6,11,11
070BMT0592,6,7,1,3,7,2
070BMT0595,1,NULL,NULL,1,1,1
070BMT0600,2,1,NULL,1,4,2
070BMT0610,NULL,NULL,NULL,2,2,3
070BMT9510,6,14,12,10,14,11
080BGO0090,2,1,NULL,1,2,2
080BGO0095,3,NULL,6,32,25,23
080BGO0110,12,4,8,14,13,13
080BGO0130,16,15,16,15,14,16
080BGO0135,2,2,3,7,5,2
080BGO0140,4,3,5,6,12,6
080BGO0150,6,12,7,12,8,27
080BGO0190,NULL,1,NULL,NULL,NULL,NULL
080BGO0250,NULL,NULL,1,2,1,1
101BAL0590,2,5,4,5,NULL,1
101BAL0600,3,6,3,6,4,4
101BAL0610,4,6,7,7,6,1
101BAL0615,9,9,8,10,23,15
101BAL0620,71,50,57,58,63,52
101BAL0630,33,38,34,28,47,55
101BAL0650,27,37,30,34,30,38
101BAL0670,16,22,21,24,30,39
101BAL0690,3,6,8,13,9,7
101BAL0710,22,15,17,12,17,21
101BAL0730,4,4,4,2,3,4
101BAL0750,55,37,76,39,38,40
101BAL0770,44,42,53,25,28,30
101BAL0790,23,16,20,26,27,24
101BAL0810,28,27,11,29,20,16
101BAL0815,16,17,18,19,10,18
101BAL0820,18,13,12,20,18,15
101BAL0830,46,68,74,81,65,61
101BAL0850,87,72,73,99,88,101
101BAL0870,31,42,59,44,49,44
101BAL0890,42,46,35,26,34,37
101BAL0900,11,9,14,12,12,12
101BBA1410,3,9,17,14,9,31
101BBA1412,41,36,39,36,44,49
101BBA1430,39,71,50,53,49,48
101BBA1432,12,9,13,13,16,15
101BBA1450,37,26,46,30,27,27
101BBA1470,70,55,74,68,69,59
101BBA1472,9,7,19,11,12,15
101BBA1490,22,21,28,19,30,34
101BBA1510,34,30,46,59,32,38
101BBA1530,17,12,9,7,20,14
101BBA1540,12,19,19,24,37,22
101BBA1550,13,12,12,18,32,37
101BBA1570,35,25,24,21,40,36
101BBA1572,43,38,39,45,55,60
101BBA1574,27,46,41,64,63,44
101BBA1590,36,28,43,36,42,43
101BBA1610,8,7,11,15,11,14
101BBA1630,22,22,15,31,33,31
101BBA1632,24,21,21,23,30,25
101BBA1650,48,44,51,39,57,70
101BBA1670,15,14,23,29,36,22
101BBA1690,5,2,6,7,10,9
101BBA1695,12,10,9,13,24,12
101BBA1710,12,15,21,20,25,12
101BBA1711,28,27,17,33,32,29
101BBA1712,29,36,52,75,58,50
101BBA1730,3,2,2,4,2,3
101BBA1732,82,62,55,63,65,48
101BBA1734,58,42,55,52,46,37
101BBA1750,45,46,34,33,28,28
101BBA1751,9,10,5,18,18,21
101BBA1753,4,3,2,2,4,10
101BBA1754,41,29,30,30,50,64
101BBA1756,16,5,13,5,10,5
101BBA1770,19,16,9,16,13,19
101BBA1790,26,32,22,16,25,24
101BBA1810,65,82,78,70,72,94
101BBA1830,24,23,36,33,25,30
101BBA1832,24,26,31,32,39,36
101BBA1834,54,40,83,104,120,117
101BBA1836,11,21,29,72,47,48
101BBA1850,22,26,31,34,37,37
101BBA1870,2,15,4,19,29,27
101BBA1890,10,19,7,47,34,44
101BBA1892,44,42,32,91,90,77
101BBA1894,1,5,12,13,14,13
101BBA1896,37,45,57,48,23,30
101BBA1910,47,62,79,38,39,39
101BBA1912,30,45,44,33,36,41
101BBA1914,108,111,104,143,155,115
101BBA1930,135,113,153,148,165,142
101BBA1932,87,63,71,86,79,94
101BBA1950,42,26,27,36,36,49
101BBA1970,13,26,27,24,32,24
101BBA1971,128,97,109,132,156,127
101BBA1990,163,195,202,217,262,222
101BBA2010,67,63,59,68,67,50
101BBA2012,49,42,63,75,80,38
101BES2030,35,23,33,37,41,40
101BES2050,57,65,67,64,53,61
101BES2070,10,9,12,13,16,9
101BES2075,28,27,26,19,27,22
101BES2090,23,27,34,17,21,38
101BES2120,107,93,94,88,92,95
101BES2130,118,153,171,170,177,166
101BES2135,104,87,112,139,134,92
101BES2150,28,19,36,40,36,26
101BES2170,480,552,532,523,550,544
101BES2190,3,7,2,3,3,4
101BES2195,32,32,43,43,36,25
101BES2198,141,129,138,149,134,180
101BES2210,74,48,62,58,54,57
101BES2230,65,79,98,96,101,123
101BES2250,115,103,150,138,143,152
101BES2270,114,124,121,149,139,164
101BES2290,106,112,137,169,199,239
101BES2300,724,712,733,954,1037,1010
101BES2310,250,269,288,392,398,322
101BES2330,292,325,366,440,425,371
101BES2350,134,125,132,162,174,157
101BES2370,20,10,14,16,16,15
101BES2390,83,87,110,125,113,119
101BES2395,NULL,2,2,5,2,2
101BES2397,102,69,91,110,170,133
101BES2410,27,22,24,29,51,34
101BES2420,49,45,47,57,62,66
101BES2430,18,11,11,25,25,33
101BES2450,68,52,66,81,82,87
101BES2470,53,55,65,81,76,70
101BES2490,86,70,88,126,96,86
101BES2510,40,54,61,84,89,64
101BES2530,48,50,44,67,77,56
101BES2550,21,32,15,29,31,29
101BES2570,10,12,25,8,18,19
101BES2590,52,73,61,93,111,100
101BES2610,29,32,45,48,63,31
101BES2630,13,13,17,12,10,10
101BES9000,9,43,212,283,268,205
101BPB0250,11,10,11,11,14,7
101BPB0255,54,59,67,46,46,42
101BPB0260,25,30,12,30,27,16
101BPB0270,68,104,109,109,116,113
101BPB0280,47,71,59,67,41,47
101BPB0290,11,10,3,5,9,8
101BPB0310,6,10,8,6,17,13
101BPB0320,13,15,10,16,16,6
101BPB0330,68,95,135,125,127,218
101BPB0332,41,54,77,85,95,95
101BPB0335,32,50,48,55,59,61
101BPB0340,43,53,73,112,125,137
101BPB0345,NULL,NULL,NULL,1,NULL,NULL
101BPE0350,38,48,47,39,65,70
101BPE0355,43,62,43,54,71,32
101BPE0360,88,86,99,87,99,88
101BPE0370,79,58,78,105,80,58
101BPE0390,300,280,337,389,538,502
101BPE0410,311,278,408,498,570,438
101BPE0420,229,337,316,405,363,319
101BPE0430,145,140,167,188,255,237
101BPE0435,228,265,343,518,629,588
101BPE0440,222,288,346,436,425,322
101BPE0450,41,25,52,65,72,78
101BPE0460,93,96,101,130,191,137
101BPE0465,21,10,19,26,25,23
101BPE0468,13,11,5,12,17,16
101BPE0470,35,47,42,39,53,43
101BPE0475,11,11,14,16,14,10
101BPE0480,10,9,7,12,5,10
101BPE0490,10,14,12,17,24,17
101BPE0495,11,23,24,15,13,32
101BPE0510,27,32,40,31,32,25
101BPE0530,17,23,35,29,18,16
101BPE0550,43,47,68,40,52,34
101BPE0570,12,5,18,11,13,6
101BPE0575,18,28,20,35,33,16
101BPE9010,35,42,24,27,43,27
101BPE9030,8,16,36,14,10,9
101BRJ2650,32,44,40,51,47,93
101BRJ2670,16,17,24,23,23,18
101BRJ2690,30,38,29,36,40,48
101BRJ2710,39,36,28,48,54,45
101BRJ2730,170,163,202,224,275,241
101BRJ2732,NULL,4,2,13,20,19
101BRJ2750,26,64,62,80,117,96
101BRJ2770,58,73,68,73,96,111
101BRJ2790,22,41,56,40,50,53
101BRJ2810,120,147,151,175,172,170
101BRJ2811,13,19,23,12,30,16
101BRJ2830,13,16,23,24,37,43
101BRJ2850,29,27,34,30,44,40
101BRJ2870,20,19,19,19,32,26
101BRJ2890,49,76,56,84,66,86
101BRJ2910,101,108,94,119,127,113
101BRJ2930,131,123,116,160,179,163
101BRJ2950,95,135,163,142,182,210
101BRJ2970,129,159,184,208,211,189
101BRJ2990,98,119,150,125,129,169
101BRJ3010,126,117,174,178,182,184
101BRJ3030,24,27,44,61,60,65
101BRJ3050,72,55,65,128,108,88
101BRJ3060,92,84,140,143,205,211
101BRJ3070,38,58,94,112,130,126
101BRJ3090,544,659,866,963,1235,1067
101BRJ3110,869,1001,870,987,1134,1026
101BRJ3250,NULL,NULL,NULL,1,NULL,NULL
101BRJ3270,111,102,94,64,34,47
101BRJ3290,101,174,149,163,163,129
101BRJ3310,20,29,54,11,26,19
101BRJ3320,23,29,51,18,17,20
101BRJ3330,183,160,184,109,73,93
101BRJ3335,106,121,139,134,151,150
101BRJ3340,56,57,85,89,111,107
101BRJ3345,5,13,28,26,35,26
101BRJ3350,198,203,223,329,325,295
101BRJ3370,77,99,93,100,106,96
101BRJ3390,111,162,170,179,166,167
101BRJ3410,57,73,91,107,100,104
101BRJ3430,21,26,39,23,40,36
101BRN0010,NULL,3,11,1,NULL,3
101BRN0015,NULL,1,2,1,1,1
101BRN0020,9,6,1,7,3,5
101BRN0030,6,5,1,5,3,NULL
101BRN0032,2,2,1,1,2,1
101BRN0034,3,4,2,NULL,4,NULL
101BRN0036,1,3,3,1,1,1
101BRN0040,21,11,6,9,4,7
101BRN0050,5,4,9,8,6,5
101BRN0055,4,10,12,10,15,5
101BRN0060,14,10,12,10,9,15
101BRN0065,36,24,16,16,18,20
101BRN0070,48,56,56,82,86,74
101BRN0075,137,158,124,147,141,125
101BRN0080,157,127,119,143,139,95
101BRN0085,45,15,30,44,35,33
101BRN0110,222,191,236,255,253,213
101BRN0130,725,709,807,970,1017,887
101BRN0132,64,52,72,84,67,84
101BRN0150,202,206,229,229,281,275
101BRN0165,14,19,16,12,10,18
101BRN0167,22,32,23,27,41,33
101BRN0170,27,38,36,51,43,52
101BRN0180,17,42,42,45,51,37
101BRN0190,17,9,21,19,20,9
101BRN0210,51,56,62,71,65,64
101BRN0230,12,7,12,22,10,16
101BRN0240,11,13,13,16,12,13
101BRS4310,26,17,22,25,13,14
101BRS4320,33,39,51,97,99,62
101BRS4330,11,11,13,17,15,5
101BRS4340,15,15,17,27,24,18
101BRS4350,23,22,27,22,43,27
101BRS4360,61,51,85,96,106,92
101BRS4370,13,20,27,28,16,16
101BRS4380,58,57,71,65,75,74
101BRS4390,11,10,8,4,9,7
101BRS4400,1,NULL,1,NULL,2,1
101BRS4410,5,6,6,11,4,NULL
101BRS4420,2,7,3,3,3,5
101BRS4425,82,64,51,61,81,61
101BRS4430,11,6,10,8,NULL,NULL
101BRS4435,15,12,6,16,1,NULL
101BRS4438,26,22,29,29,1,NULL
101BRS4490,NULL,NULL,NULL,NULL,3,NULL
101BSC3810,67,77,189,136,118,110
101BSC3830,121,198,224,263,266,258
101BSC3850,70,98,151,143,176,164
101BSC3870,267,342,414,482,461,443
101BSC3890,205,186,303,300,277,209
101BSC3895,47,75,53,70,74,64
101BSC3900,156,203,198,252,233,230
101BSC3910,81,137,98,126,120,128
101BSC3931,154,281,233,293,406,341
101BSC3950,74,91,200,229,189,162
101BSC3970,81,96,86,101,141,147
101BSC3990,195,235,435,374,319,284
101BSC4010,476,489,651,726,808,724
101BSC4020,92,101,186,165,171,132
101BSC4030,130,125,159,170,199,163
101BSC4040,44,29,31,19,36,33
101BSC4043,120,164,155,191,192,225
101BSC4050,497,555,513,617,714,584
101BSC4070,299,329,265,388,463,465
101BSC4090,520,640,747,756,663,709
101BSC4095,354,426,552,616,621,707
101BSC4100,37,76,85,66,60,62
101BSC4105,108,103,300,296,191,158
101BSC4110,239,242,276,262,184,115
101BSC4115,46,50,40,58,56,53
101BSC4120,102,118,137,125,133,138
101BSC4125,152,172,167,192,188,198
101BSC4130,18,6,17,9,15,13
101BSC4140,244,256,224,211,186,180
101BSC4150,64,52,40,41,37,46
101BSC4160,81,57,84,96,114,152
101BSC4170,156,181,266,270,270,340
101BSC4180,156,200,238,248,244,234
101BSC4190,14,20,12,16,21,13
101BSC4200,163,224,184,243,238,193
101BSC4210,216,196,174,224,219,219
101BSC4230,194,208,200,200,186,153
101BSC4240,164,169,229,267,285,227
101BSC4250,106,115,121,164,150,147
101BSC4290,156,186,151,103,87,95
101BSE0910,5,1,5,6,3,3
101BSE0930,12,13,4,10,12,12
101BSE0950,6,11,12,14,17,16
101BSE0970,13,11,8,13,8,12
101BSE0975,7,6,8,9,10,9
101BSE0980,14,11,11,8,15,17
101BSE0990,6,4,9,12,5,5
101BSE1030,5,14,22,24,39,19
101BSE1050,34,51,24,46,44,54
101BSE1070,NULL,2,3,1,2,4
101BSE1090,19,39,47,41,38,46
101BSE1110,15,21,19,24,17,14
101BSE1130,22,33,16,26,34,38
101BSE1140,21,12,14,17,16,24
101BSE1150,67,51,68,59,84,77
101BSE1170,29,33,31,26,65,64
101BSE1190,33,38,33,34,49,30
101BSE1200,64,44,33,26,52,36
101BSE1210,68,36,36,35,49,43
101BSE1220,43,32,37,37,50,32
101BSE1230,60,80,57,88,88,117
101BSE1250,57,69,62,72,96,89
101BSE1270,15,41,20,22,30,31
101BSE1280,24,31,18,22,35,32
101BSE1290,34,40,38,44,49,73
101BSE1300,17,11,9,14,36,16
101BSE1305,34,21,43,33,61,60
101BSE1310,9,12,16,12,20,20
101BSE1330,10,16,17,14,23,7
101BSE1340,16,21,22,54,37,32
101BSE1350,22,14,9,31,29,18
101BSE1370,17,15,32,88,44,43
101BSE1390,3,9,11,8,13,13
101BSP3450,125,107,112,122,88,110
101BSP3470,85,105,100,87,96,135
104BAL0570,8,4,9,11,10,11
104BAL0580,13,7,7,14,15,11
104BAL0590,34,26,49,63,61,43
104BAL0610,25,17,26,33,28,23
104BAL0615,17,23,22,26,27,25
104BAL0620,16,26,17,28,28,25
104BAL0650,36,42,43,62,52,52
104BAL0670,168,205,174,269,276,195
104BPB0220,NULL,NULL,1,2,4,NULL
104BPB0225,3,3,4,11,10,3
104BPB0230,2,4,4,5,5,NULL
104BPB0240,19,13,12,13,19,9
104BPB0250,15,21,19,18,24,21
104BPB0270,31,29,43,49,40,47
104BPB0275,14,18,21,18,19,21
104BPB0280,16,11,9,11,18,16
104BPB0300,51,52,39,52,64,66
104BPB0310,29,26,36,36,53,53
104BPB0320,7,7,14,13,21,16
104BPB0322,15,15,19,14,18,14
104BPB0325,4,8,4,13,7,15
104BPE0330,3,1,5,11,4,7
104BPE0350,16,14,7,16,10,8
104BPE0370,42,44,45,55,55,61
104BPE0390,4,1,1,7,2,NULL
104BPE0410,25,36,36,40,50,29
104BPE0430,46,70,88,88,100,94
104BPE0440,168,183,171,164,132,145
104BPE0445,9,9,5,16,11,13
104BPE0450,27,42,31,61,49,61
104BPE0470,3,8,4,2,10,8
104BPE0490,19,17,24,20,24,24
104BPE0510,3,7,2,14,5,11
104BPE0520,30,22,21,34,25,11
104BPE0530,3,4,3,8,2,NULL
104BPE0550,10,6,13,17,15,4
110BAL0530,3,4,4,5,4,4
110BAL0540,NULL,1,NULL,NULL,NULL,3
110BBA0550,4,14,7,16,9,8
110BBA0570,16,23,24,44,41,45
110BBA0572,17,26,23,43,23,20
110BBA0590,2,3,1,3,3,2
110BBA0610,6,12,11,9,12,27
110BBA0612,11,7,12,21,19,21
110BBA0630,NULL,3,4,1,7,4
110BBA0632,17,16,31,34,28,36
110BBA0650,23,23,15,31,35,30
110BBA0670,10,3,7,11,10,11
110BBA0672,3,5,5,5,8,9
110BBA0690,3,4,3,3,11,4
110BBA0710,2,3,6,5,3,9
110BBA0712,NULL,NULL,3,NULL,1,1
110BBA0714,2,4,7,11,5,3
110BBA0716,11,11,11,11,12,10
110BBA0730,10,16,14,12,15,15
110BBA0770,11,20,16,15,21,25
110BBA0772,55,59,78,82,81,58
110BBA0774,17,38,40,40,54,44
110BBA0790,16,34,19,31,21,29
110BBA0792,19,14,23,27,39,21
110BBA0810,23,20,37,21,30,32
110BPB0190,5,3,1,3,1,2
110BPB0200,NULL,NULL,1,2,3,5
110BPB0350,2,NULL,NULL,5,NULL,3
110BPE0370,4,6,7,NULL,NULL,NULL
110BPE0390,2,12,5,NULL,NULL,NULL
110BPE0410,2,2,9,19,26,31
110BPE0430,2,NULL,NULL,NULL,NULL,NULL
110BPE0450,12,2,1,2,5,NULL
110BPE0470,NULL,NULL,1,4,5,2
110BPE0510,1,4,15,11,7,7
110BRN0010,7,2,4,7,6,18
110BRN0030,102,85,128,160,189,158
110BRN0040,1,1,NULL,2,1,NULL
110BRN0045,2,1,NULL,2,NULL,1
110BRN0050,NULL,1,NULL,3,1,3
110BRN0060,NULL,1,1,NULL,NULL,4
110BRN0070,3,NULL,1,NULL,NULL,NULL
116BBA0490,11,13,5,2,7,43
116BBA0492,48,45,10,17,19,113
116BBA0494,10,10,12,11,7,8
116BBA0496,2,6,3,3,1,8
116BBA0510,15,20,14,32,14,20
116BBA0550,20,35,21,19,23,30
116BBA0570,8,10,12,16,11,9
116BBA0572,23,32,23,20,39,31
116BBA0590,13,12,21,29,29,20
116BBA0591,5,10,4,6,12,13
116BBA0592,14,10,12,28,20,19
116BBA0610,8,15,21,37,38,28
116BBA0632,4,19,23,36,43,31
116BBA0650,35,69,58,82,88,75
116BBA0670,2,1,NULL,NULL,1,2
116BBA0690,53,263,270,306,385,386
116BBA0700,13,52,53,88,84,93
116BBA0710,5,29,25,32,33,39
116BBA0712,90,77,93,71,112,129
116BBA0730,252,65,54,83,83,95
116BBA0750,137,73,74,123,110,116
116BBA0770,78,28,32,43,39,53
116BBA0790,21,21,26,32,40,27
116BBA0791,22,27,22,38,47,41
116BBA0792,5,5,11,26,23,25
116BBA0810,37,52,66,78,72,58
116BBA0812,29,23,31,34,34,28
116BBA0814,45,7,15,15,24,20
116BBA0830,25,21,25,26,43,42
116BBA0832,27,53,67,69,88,97
116BBA0850,36,44,65,66,69,90
116BBA0870,21,5,8,9,7,12
116BBA0890,5,2,1,3,1,3
116BBA0910,64,49,56,70,83,79
116BBA0912,50,43,34,45,40,64
116BBA0930,32,32,36,51,51,63
116BBA0932,36,36,29,51,60,70
116BBA0934,8,11,12,9,14,16
116BBA0950,50,44,27,51,53,70
116BBA0955,24,155,202,267,418,334
116BBA0960,6,4,6,6,6,16
116BBA0965,5,15,15,15,8,12
116BBA0970,288,123,109,168,161,175
116BBA0972,3,2,3,2,9,3
116BBA0990,17,18,20,27,24,25
116BCE0015,410,570,593,692,751,674
116BCE0020,42,60,57,79,86,74
116BCE0030,73,101,120,179,185,166
116BCE0040,29,28,48,41,58,56
116BCE0050,10,9,20,14,25,20
116BCE0060,15,26,26,43,50,48
116BCE0070,13,22,21,21,22,19
116BCE0080,19,24,39,30,28,19
116BCE0090,31,52,62,61,119,93
116BCE0100,17,25,29,28,72,40
116BCE0110,23,16,29,34,54,57
116BCE0120,21,19,14,29,53,22
116BCE0130,15,28,22,15,20,16
116BCE0140,3,2,1,4,5,5
116BCE0150,4,6,5,10,8,7
116BCE0160,13,11,8,18,14,14
116BCE0170,20,27,33,43,35,41
116BCE0180,2,5,8,6,10,1
116BCE0190,5,6,6,8,5,8
116BCE0200,3,2,3,3,4,2
116BCE0210,2,1,1,6,1,4
116BCE0220,8,4,9,11,6,7
116BCE0230,13,27,27,15,18,15
116BCE0240,17,10,23,26,33,22
116BCE0250,4,11,3,7,9,5
116BCE0260,46,40,41,46,41,38
116BCE0270,12,17,15,21,14,18
116BCE0280,1,6,7,4,4,4
116BCE0290,4,7,3,12,5,17
116BCE0295,1,8,4,6,7,12
116BCE0310,NULL,2,3,1,1,3
116BCE0350,NULL,1,2,6,4,NULL
116BCE0360,6,18,11,28,19,18
116BCE0370,14,19,24,48,30,28
116BCE0380,6,3,10,8,10,7
116BCE0390,13,14,14,13,20,17
116BCE0395,5,8,13,34,36,15
116BCE0410,10,6,4,7,16,7
116BCE0412,13,14,10,14,13,15
116BCE0414,9,13,4,24,19,9
116BCE0416,4,NULL,NULL,NULL,NULL,NULL
116BMG1010,36,63,36,37,66,52
116BMG1015,22,31,19,16,13,25
116BMG1020,32,38,44,36,25,33
116BMG1030,68,93,84,97,71,87
116BMG1050,114,106,124,120,95,103
116BMG1070,51,52,39,39,37,35
116BMG1090,76,101,98,107,93,110
116BMG1110,94,111,88,155,110,94
116BMG1130,159,187,212,243,184,168
116BMG1150,76,66,66,71,47,38
116BMG1160,70,51,59,59,47,36
116BMG1170,32,36,31,35,38,20
116BMG1175,46,44,51,43,57,52
116BMG1180,39,28,29,30,28,22
116BMG1185,118,117,144,116,109,90
116BMG1190,128,136,136,149,149,121
116BMG1195,92,101,94,114,82,67
116BMG1210,45,25,22,26,22,25
116BMG1230,109,155,164,173,184,145
116BMG1250,32,43,36,51,47,36
116BMG1270,105,91,106,99,70,74
116BMG1275,54,75,67,58,50,48
116BMG1280,111,115,131,122,158,138
116BMG1290,95,87,78,107,116,110
116BMG1300,44,46,53,41,99,102
116BMG1310,33,34,53,60,65,59
116BMG1330,25,36,35,35,54,43
116BMG1350,194,196,219,246,256,214
116BMG1370,121,135,121,154,134,91
116BMG1390,22,26,17,25,18,17
116BMG1410,65,86,100,112,80,104
116BMG1430,52,61,46,80,55,52
116BMG1450,149,118,116,164,148,116
116BMG1465,6,9,11,11,8,10
116BPB0330,NULL,1,1,3,4,4
116BPB0340,3,6,10,6,4,4
116BPE0430,NULL,NULL,NULL,NULL,1,NULL
116BPE0440,11,13,10,21,22,17
116BPE0450,19,20,26,34,46,39
116BPE0460,17,15,16,32,32,27
116BPE0470,3,6,6,4,8,6
116BPR2710,51,77,97,137,95,64
116BPR2720,99,219,247,254,269,141
116BPR2725,43,102,145,170,177,100
116BPR2730,182,292,302,307,268,255
116BPR2740,74,106,90,110,87,82
116BPR2750,46,46,64,76,53,56
116BPR2755,25,49,48,66,58,72
116BPR2760,68,83,130,179,159,129
116BPR2770,99,194,222,253,309,313
116BPR2780,75,127,135,118,126,119
116BPR2790,148,233,207,251,252,257
116BPR2793,177,213,255,243,275,351
116BPR2797,37,65,81,62,80,82
116BPR2800,43,48,64,72,83,78
116BPR2803,40,50,61,68,71,53
116BPR2810,49,82,73,75,54,89
116BPR9020,111,152,130,171,164,124
116BPR9030,107,151,159,138,146,157
116BPR9510,51,94,105,71,89,122
116BRJ1480,30,25,24,33,41,36
116BRJ1490,2,NULL,NULL,NULL,NULL,1
116BRJ1510,33,33,40,38,73,61
116BRJ1530,31,38,44,40,51,58
116BRJ1550,5,4,3,6,9,9
116BRJ1570,84,99,94,117,119,129
116BRJ1590,84,91,113,89,103,82
116BRJ1610,123,124,111,201,224,174
116BRJ1625,10,14,6,6,20,11
116BRJ1630,34,35,48,36,36,36
116BRJ1650,69,59,99,113,112,89
116BRJ1670,146,172,200,272,289,285
116BRJ1690,71,115,99,140,212,204
116BRJ1790,324,330,314,221,246,215
116BRJ1800,271,259,278,403,417,444
116BRJ1810,188,169,200,314,360,378
116BRJ1830,115,106,121,180,204,262
116BRJ1850,102,112,128,177,202,151
116BRJ1853,128,139,114,153,179,191
116BRJ1870,77,62,71,97,78,82
116BRJ1890,77,97,71,127,123,83
116BRJ1910,20,20,37,30,60,22
116BRJ1930,21,26,31,23,39,14
116BRJ1950,245,285,305,276,283,247
116BRJ1970,170,205,315,228,221,197
116BRJ1990,39,40,63,76,51,69
116BRJ2010,46,43,49,43,66,57
116BRJ2050,313,348,346,417,466,408
116BRJ2070,120,147,101,141,138,137
116BRJ2090,36,38,45,46,41,57
116BRJ2110,193,297,306,325,316,259
116BRJ2130,247,312,305,328,331,252
116BRJ2150,64,73,65,105,85,66
116BRJ2170,99,132,109,135,134,128
116BRJ2190,63,53,72,76,71,63
116BRJ9510,17,13,23,25,25,14
116BRS3010,58,58,87,289,224,251
116BRS3020,16,16,21,15,24,23
116BRS3030,124,108,121,128,140,159
116BRS3050,36,37,30,42,39,24
116BRS3070,48,42,49,55,66,61
116BRS3080,81,74,83,106,116,91
116BRS3090,71,82,81,114,133,111
116BRS3093,359,285,296,374,446,362
116BRS3100,70,63,69,81,114,65
116BRS3110,132,149,147,151,217,205
116BRS3130,29,42,27,52,34,44
116BRS3150,38,59,42,61,59,46
116BRS3160,43,55,58,60,51,47
116BRS3165,105,72,110,115,93,122
116BRS3168,51,40,53,61,78,74
116BRS3170,249,256,292,314,324,281
116BRS3190,742,699,793,964,1099,826
116BRS3210,337,354,378,490,552,518
116BRS3230,829,879,799,889,1012,875
116BRS3250,325,341,309,246,313,313
116BRS3260,45,35,24,NULL,NULL,NULL
116BRS3265,NULL,NULL,NULL,NULL,NULL,1
116BRS3270,27,34,27,40,50,52
116BRS3275,107,111,89,105,114,168
116BRS3290,23,14,14,20,27,19
116BRS3295,11,25,26,20,16,31
116BRS3297,51,37,31,55,43,50
116BRS3310,63,68,91,94,89,86
116BRS3330,36,55,51,69,62,53
116BRS3340,34,42,52,66,63,52
116BRS3350,14,15,35,24,36,20
116BRS3355,55,52,45,64,53,46
116BRS3360,15,29,29,31,30,40
116BRS3370,12,20,21,15,22,25
116BRS3380,25,18,25,50,48,45
116BRS3390,47,50,45,59,54,59
116BRS3410,12,7,10,16,14,18
116BRS3430,9,12,13,26,20,16
116BRS3450,22,22,16,28,21,28
116BSC2830,41,42,65,52,78,48
116BSC2850,52,75,75,86,58,51
116BSC2870,34,22,19,23,31,29
116BSC2875,36,44,50,51,57,57
116BSC2890,10,12,13,23,14,19
116BSC2891,77,77,119,105,116,93
116BSC2895,29,47,49,40,44,22
116BSC2897,11,15,26,21,23,24
116BSC2899,13,14,12,23,19,22
116BSC2910,81,99,113,99,63,88
116BSC2920,11,22,20,14,19,21
116BSC2930,82,73,79,80,68,81
116BSC2940,49,64,56,59,62,53
116BSC2950,73,67,72,86,100,92
116BSC2970,53,60,86,99,96,85
116BSC2990,65,63,61,64,59,71
116BSP2230,122,129,192,96,112,62
116BSP2243,42,40,31,41,40,30
116BSP2250,19,24,33,32,30,46
116BSP2255,51,50,52,39,46,63
116BSP2265,94,107,90,103,102,92
116BSP2270,71,69,79,80,80,84
116BSP2290,31,29,35,46,46,39
116BSP2310,107,87,90,96,108,82
116BSP2330,214,190,178,206,283,210
116BSP2340,109,118,117,162,133,166
116BSP2345,33,43,39,55,49,51
116BSP2350,58,34,39,63,40,50
116BSP2360,230,227,194,263,228,211
116BSP2370,196,202,238,261,267,304
116BSP2390,141,134,145,153,162,212
116BSP2410,162,157,176,164,218,224
116BSP2430,650,707,674,787,883,852
116BSP2450,494,599,571,642,666,580
116BSP2470,359,369,371,408,401,413
116BSP2490,595,581,496,562,577,734
116BSP2510,174,181,157,153,168,111
116BSP2520,817,798,616,737,849,753
116BSP2530,427,429,384,397,395,456
116BSP2560,411,508,470,489,539,537
116BSP2565,136,149,143,161,165,171
116BSP2570,300,340,369,313,352,335
116BSP2575,156,144,155,159,177,143
116BSP2582,1,5,6,9,11,7
116BSP2585,318,379,466,506,465,378
116BSP2587,110,67,124,115,119,142
116BSP2590,82,68,58,57,58,72
116BSP2600,98,60,61,57,52,55
116BSP2610,94,74,85,72,80,69
116BSP2630,249,218,210,237,238,224
116BSP2650,150,166,194,185,211,230
116BSP2670,77,64,66,74,81,59
116BSP2685,587,594,957,1058,994,854
116BSP2700,559,358,411,495,594,500
135BBA0530,NULL,NULL,1,2,1,4
135BBA0535,NULL,NULL,6,4,2,3
135BBA0540,8,19,21,23,19,14
135BBA0552,8,16,9,16,14,33
135BBA0560,8,16,15,19,16,19
135BBA0580,NULL,NULL,NULL,NULL,NULL,1
135BBA0590,1,NULL,NULL,19,36,27
135BBA0591,NULL,NULL,NULL,1,2,NULL
135BMA0020,54,48,45,55,111,85
135BMA0030,96,80,92,100,116,97
135BMA0040,61,84,88,118,111,112
135BMA0045,7,2,6,6,7,4
135BMA0050,92,81,108,128,168,166
135BMA0070,100,137,146,151,137,163
135BMA0090,15,24,16,25,22,23
135BMA0110,31,40,34,34,29,37
135BMA0130,5,5,7,9,2,7
135BMA0132,16,36,28,27,29,32
135BMA0135,10,9,11,17,17,13
135BMA0170,5,7,16,13,5,6
135BMA0190,15,9,20,15,26,24
135BMA0210,4,3,1,3,4,2
135BMA0230,NULL,NULL,2,1,1,1
135BMA0235,2,3,1,NULL,2,1
135BMA0240,NULL,NULL,NULL,NULL,1,1
135BMA0250,NULL,NULL,NULL,1,1,NULL
135BMA0252,NULL,1,NULL,NULL,NULL,NULL
135BMA0270,NULL,NULL,1,NULL,1,NULL
135BMA0272,NULL,NULL,1,NULL,2,1
135BMA0280,NULL,NULL,NULL,1,NULL,1
135BMA0290,1,3,2,3,NULL,2
135BMA0292,NULL,7,3,5,3,2
135BMA0294,3,6,3,3,5,NULL
135BMA9040,151,172,188,203,263,283
135BMG0660,1,1,NULL,NULL,1,NULL
135BMG0695,NULL,NULL,NULL,NULL,NULL,1
135BMG0750,133,167,185,193,204,168
135BMG0770,40,40,45,35,37,36
135BMG0790,68,73,92,83,74,73
135BMG0800,112,98,121,158,171,139
135BMG0810,33,28,50,38,36,35
135BMG0820,31,48,55,49,40,46
135BMG0830,NULL,1,4,3,4,1
135BMG0850,133,144,160,156,159,122
135BPI0380,2,NULL,1,NULL,NULL,NULL
135BPI0393,2,NULL,6,3,2,NULL
135BPI0395,NULL,NULL,1,1,NULL,NULL
135BPI0397,NULL,NULL,NULL,1,3,NULL
135BPI0405,NULL,NULL,2,1,4,NULL
135BPI0410,NULL,NULL,2,1,NULL,NULL
135BPI0415,NULL,NULL,NULL,1,1,NULL
135BPI0420,NULL,1,NULL,NULL,NULL,3
135BPI0423,1,NULL,NULL,1,NULL,2
135BPI0425,NULL,NULL,1,NULL,2,1
135BPI0427,2,NULL,NULL,NULL,NULL,1
135BPI0430,NULL,2,NULL,NULL,NULL,NULL
135BPI0440,1,NULL,NULL,NULL,NULL,NULL
135BPI0450,1,1,NULL,NULL,2,1
135BPI0470,NULL,1,NULL,1,2,1
135BPI0480,NULL,NULL,NULL,NULL,1,NULL
135BPI0495,1,1,NULL,NULL,NULL,NULL
135BPI0510,NULL,NULL,NULL,1,NULL,NULL
146BMG0010,NULL,NULL,NULL,NULL,1,NULL
146BMG0230,NULL,NULL,1,NULL,NULL,NULL
146BMG0252,6,3,NULL,NULL,NULL,NULL
146BMG0253,26,18,17,28,27,15
146BMG0270,20,12,17,11,7,16
146BMG0290,25,23,32,38,42,37
146BMG0295,14,15,14,17,16,23
146BMG0300,52,20,5,2,2,1
146BMG0305,20,11,1,NULL,3,NULL
146BMG0310,1,NULL,2,1,4,1
146BMG0315,14,16,28,38,32,26
153BGO0312,25,32,28,19,23,27
153BGO0330,26,22,28,21,27,39
153BGO0340,12,14,15,10,19,23
153BGO0350,33,40,56,76,45,49
153BGO0370,21,17,8,33,26,27
153BGO0390,16,19,25,40,31,28
153BGO0392,38,37,44,65,57,47
153BGO0410,47,65,62,99,72,64
153BGO0430,42,39,41,53,55,53
153BGO0450,28,39,36,36,51,39
153BGO0452,9,12,13,19,21,16
153BGO0470,5,7,6,5,8,6
153BGO0471,28,42,37,49,45,42
153BGO0472,34,51,51,28,39,39
153BGO0474,8,8,4,9,9,9
153BGO0490,51,62,80,89,94,73
153BGO0495,7,8,12,9,17,14
153BGO0510,20,31,40,58,44,42
153BGO0530,19,18,28,17,27,30
153BGO0550,32,30,23,30,29,35
153BGO0552,26,18,28,44,34,30
153BGO0560,44,51,46,57,84,70
153BGO0570,51,38,56,76,70,89
153BGO0590,199,185,222,191,180,160
153BGO0592,132,159,177,184,198,221
153BGO0610,93,281,120,92,89,91
153BGO0612,305,336,432,536,518,444
153BGO0620,58,62,75,53,63,78
153BGO0625,66,84,68,90,91,93
153BGO0627,5,6,12,25,23,28
153BGO0628,88,75,86,88,63,62
153BGO0632,25,32,34,40,51,41
153BGO0650,37,48,58,43,51,54
153BGO0655,20,60,36,90,86,64
153BGO0670,32,76,59,59,85,80
153BGO0690,19,25,32,35,39,35
153BGO0710,3,3,5,6,7,1
153BGO0711,55,38,74,64,53,46
153BGO0712,32,43,56,41,80,42
153BGO0730,42,28,33,24,28,16
153BGO0750,36,38,48,48,67,37
153BGO0770,32,27,45,35,47,45
153BMG0790,33,27,30,59,31,36
153BMG0800,65,68,55,69,92,97
153BMG0810,43,61,61,60,84,75
153BMG0830,119,159,176,174,141,118
153BMG0850,30,56,55,63,67,43
153BMG0857,27,30,25,35,31,25
153BMG0863,24,44,24,40,35,24
153BMG0870,72,75,75,79,124,107
153BMG0890,18,12,12,18,29,28
153BMG0910,95,76,58,68,79,68
153BPA0010,NULL,NULL,1,1,4,2
153BPA0030,NULL,NULL,1,3,3,3
153BPA0050,6,13,4,5,2,6
153BPA0070,9,14,3,4,3,5
153BPR1210,NULL,NULL,1,2,1,3
153BPR1213,NULL,NULL,37,37,43,39
153BPR1220,NULL,NULL,9,31,24,30
153BPR1230,NULL,NULL,28,35,44,49
153BPR1240,NULL,NULL,6,5,4,5
153BPR1250,NULL,NULL,6,13,8,3
153BPR1252,NULL,NULL,6,16,10,16
153BPR1253,NULL,NULL,3,6,11,7
153BPR1255,NULL,NULL,9,18,31,20
153BPR1270,NULL,NULL,2,9,12,8
153BPR1290,NULL,NULL,3,1,3,2
153BPR1293,NULL,NULL,6,13,5,10
153BPR1295,NULL,NULL,2,6,9,9
153BPR1297,NULL,NULL,1,5,2,8
153BPR1298,NULL,NULL,5,9,9,5
153BPR1300,NULL,NULL,2,5,5,5
153BPR1305,NULL,NULL,2,3,4,5
153BPR1310,NULL,NULL,2,2,7,4
153BPR1320,NULL,NULL,NULL,NULL,43,32
153BPR1330,NULL,NULL,1,3,8,8
153BPR1350,NULL,NULL,5,6,9,13
153BPR1400,NULL,NULL,NULL,NULL,5,4
153BPR1410,NULL,NULL,NULL,NULL,11,6
153BPR1420,NULL,NULL,NULL,NULL,10,8
153BPR1430,NULL,NULL,NULL,NULL,11,21
153BPR1431,NULL,NULL,NULL,NULL,25,28
153BPR1433,NULL,NULL,NULL,NULL,21,20
153BPR1437,NULL,NULL,NULL,NULL,18,9
153BPR1440,NULL,NULL,NULL,NULL,20,16
153BPR1443,NULL,NULL,NULL,NULL,10,6
153BPR1445,NULL,NULL,NULL,NULL,4,2
153BPR1450,NULL,NULL,6,1,11,10
153BPR1470,NULL,NULL,15,30,20,27
153BPR1475,NULL,NULL,NULL,1,4,5
153BPR1480,NULL,NULL,4,10,8,6
153BPR1490,NULL,NULL,40,78,64,69
153BPR1497,NULL,NULL,31,46,34,28
153BPR1500,NULL,NULL,35,64,74,65
153BRS1655,23,20,25,22,41,28
153BRS1658,41,31,36,49,48,40
153BRS1660,16,12,17,27,34,48
153BRS1662,93,88,101,116,128,109
153BRS1663,8,6,4,11,17,12
153BRS1664,1,1,5,3,3,2
153BRS1666,NULL,NULL,NULL,1,1,NULL
153BRS1785,11,5,12,17,21,16
153BRS1800,NULL,NULL,1,1,NULL,NULL
153BRS1840,5,6,5,8,7,9
153BRS1850,4,7,6,7,13,10
153BRS1870,33,40,45,11,16,12
153BRS1890,33,17,28,16,19,33
153BRS1895,22,14,14,20,23,26
153BRS1910,1,1,NULL,NULL,NULL,2
153BRS1920,2,1,2,NULL,2,4
153BRS1930,3,4,2,4,7,4
153BRS9000,8,10,6,12,11,12
153BSC1530,17,12,19,9,22,14
153BSC1540,2,4,5,6,3,6
153BSC1550,41,53,38,43,58,36
153BSC1565,44,47,36,43,50,31
153BSC1570,67,69,65,71,72,72
153BSC1590,24,22,18,18,33,22
153BSC1610,23,24,20,24,24,19
153BSC1620,3,5,7,5,9,4
153BSC1630,6,9,7,10,13,10
153BSP0950,13,4,13,11,11,15
153BSP0953,68,58,46,48,62,61
153BSP0970,6,8,7,7,14,13
153BSP0973,6,8,14,9,17,6
153BSP0975,15,51,51,42,52,55
153BSP0980,189,237,181,227,250,274
153BSP0990,59,100,87,144,149,158
153BSP0995,63,65,40,53,86,82
153BSP1000,66,66,79,74,83,121
153BSP1010,57,78,121,111,127,116
153BSP1023,10,20,12,18,20,24
153BSP1030,75,72,91,109,91,103
153BSP1040,20,15,13,17,25,22
153BSP1043,10,15,15,20,28,15
153BSP1045,5,11,9,10,7,9
153BSP1050,20,35,32,37,45,45
153BSP1070,37,20,14,16,17,19
153BSP1077,21,32,29,28,37,33
153BSP1130,52,74,99,113,94,114
153BSP1140,11,29,18,23,30,23
153BSP1145,4,3,4,4,3,6
153BSP1150,19,17,18,29,26,26
153BSP1170,14,15,14,27,21,25
153BSP1190,2,4,2,NULL,1,3
153BTO0075,NULL,NULL,NULL,NULL,1,2
153BTO0080,NULL,1,NULL,1,NULL,NULL
153BTO0085,1,3,1,4,6,4
153BTO0090,NULL,1,NULL,2,NULL,NULL
153BTO0095,5,9,9,4,8,11
153BTO0100,14,19,17,22,27,24
153BTO0105,28,33,43,49,55,47
153BTO0110,61,55,88,79,91,90
153BTO0115,23,26,31,35,43,44
153BTO0120,32,21,47,31,43,55
153BTO0125,10,18,18,24,17,18
153BTO0130,13,13,29,16,24,21
153BTO0135,22,20,29,37,23,53
153BTO0140,2,7,11,3,4,6
153BTO0145,1,7,NULL,1,3,7
153BTO0150,21,14,33,32,29,33
153BTO0155,11,9,11,6,5,8
153BTO0160,1,4,3,1,5,7
153BTO0165,13,22,22,35,26,42
153BTO0170,9,3,4,9,6,8
153BTO0175,15,16,12,26,18,26
153BTO0180,10,10,21,18,18,26
153BTO0190,19,29,26,37,56,48
153BTO0195,11,9,13,26,19,16
153BTO0200,4,9,8,15,8,7
153BTO0205,NULL,2,4,3,4,2
153BTO0210,23,26,17,19,23,23
153BTO0220,25,24,36,43,40,32
153BTO0225,NULL,2,1,4,1,2
153BTO0230,1,1,5,3,3,5
153BTO0235,10,8,9,10,14,12
153BTO0240,18,28,17,32,34,34
153BTO0245,13,2,7,14,14,14
153BTO0250,4,13,7,8,15,17
153BTO0260,42,51,40,48,44,35
153BTO0265,37,31,56,61,75,56
153BTO0270,2,NULL,NULL,NULL,1,2
153BTO0275,16,11,10,9,14,22
153BTO0280,1,2,4,2,2,1
153BTO0290,40,54,42,53,37,48
153BTO0295,13,12,24,25,23,12
153BTO0300,25,42,34,42,34,32
153BTO0305,30,31,41,41,28,27
153BTO0310,NULL,1,2,1,3,2
155BPA0010,NULL,NULL,NULL,NULL,2,25
155BPA0050,NULL,NULL,NULL,NULL,2,9
155BPA0100,NULL,NULL,NULL,NULL,6,4
155BPA0150,NULL,NULL,NULL,NULL,6,9
155BPA0200,NULL,NULL,NULL,NULL,62,101
156BAP0010,NULL,NULL,NULL,NULL,NULL,1
156BAP0030,3,4,3,NULL,NULL,2
156BAP0040,1,NULL,NULL,NULL,1,NULL
156BAP0050,5,4,4,2,5,10
156BAP0070,1,1,NULL,2,2,7
156BAP0090,8,9,5,7,11,12
156BAP0110,4,7,8,11,19,20
156BAP0130,1,4,4,8,31,5
156BAP0150,9,13,8,12,18,12
156BAP0170,1,4,3,3,6,4
156BAP0210,3,3,1,1,NULL,2
156BAP0250,3,3,1,NULL,5,NULL
156BAP0260,1,1,1,1,NULL,NULL
156BAP0270,3,3,2,NULL,1,1
156BAP0290,1,NULL,NULL,1,NULL,NULL
156BAP0310,NULL,2,NULL,1,NULL,NULL
156BAP0320,2,1,1,NULL,2,NULL
156BAP0350,1,NULL,2,NULL,1,NULL
156BAP0370,1,1,1,NULL,1,1
156BAP0390,NULL,1,NULL,NULL,1,NULL
156BAP0410,NULL,1,1,NULL,NULL,2
156BAP0420,NULL,1,NULL,NULL,NULL,NULL
156BAP0430,NULL,NULL,NULL,NULL,NULL,1
158BGO0310,14,19,21,24,13,14
158BGO0320,20,14,27,8,8,11
158BGO0325,NULL,NULL,NULL,1,NULL,1
158BGO0330,7,6,5,13,5,4
158BGO0335,4,11,15,10,4,5
158BGO0340,1,1,NULL,NULL,2,1
158BGO0345,3,7,3,4,3,3
158BGO0348,NULL,NULL,1,3,3,2
158BGO0350,10,7,13,15,11,13
158BGO0355,5,10,10,11,14,17
158BGO0360,8,7,9,9,7,10
158BGO0370,15,23,35,23,32,24
158BGO0375,2,22,26,45,53,71
158BGO0380,NULL,15,22,13,31,28
158BGO0385,NULL,21,28,25,32,49
158BGO0388,NULL,16,13,28,30,28
158BMS0430,4,7,3,2,4,2
158BMS0431,5,9,6,16,10,6
158BMS0432,20,16,14,19,15,21
158BMS0434,5,2,6,3,8,7
158BMS0436,18,7,8,18,12,12
158BMS0440,28,22,22,24,23,29
158BMS0445,2,4,7,3,4,1
158BMS0450,1,5,7,1,4,5
158BMS0455,8,16,13,15,14,17
158BMS0460,65,26,37,40,45,46
158BMS0470,3,1,NULL,NULL,3,3
158BMS0480,18,10,9,14,17,17
158BMS0490,1,2,3,4,6,6
158BMS0491,5,5,3,9,15,26
158BMS0500,2,6,1,2,10,9
158BMS0510,9,16,11,17,17,33
158BMS0520,3,6,6,11,13,10
158BMS0530,NULL,NULL,NULL,21,46,70
158BMS0532,NULL,NULL,NULL,NULL,1,NULL
158BMS0535,NULL,NULL,NULL,1,5,6
158BMT0170,NULL,NULL,2,NULL,1,NULL
158BMT0190,2,NULL,NULL,NULL,1,NULL
158BMT0210,NULL,NULL,NULL,NULL,NULL,2
158BMT0212,NULL,NULL,NULL,NULL,NULL,1
158BMT0215,NULL,NULL,NULL,1,NULL,NULL
158BMT0220,NULL,1,2,5,5,13
158BMT0223,NULL,NULL,2,3,1,2
158BMT0225,1,4,NULL,2,4,4
158BMT0235,8,9,12,2,21,8
158BMT0240,3,NULL,5,2,1,5
158BMT0242,2,3,3,4,2,5
158BMT0245,4,6,4,NULL,4,3
158BMT0250,3,4,5,2,5,7
158BMT0255,11,8,17,20,19,25
158BMT0260,3,4,2,6,3,4
158BMT0262,23,26,21,29,45,36
158BMT0264,1,2,2,2,3,5
158BMT0265,3,1,2,4,3,1
158BMT0266,2,1,2,1,2,2
158BMT0270,13,32,16,13,11,20
158BMT0272,13,21,20,26,19,18
158BMT0280,16,22,17,27,11,15
158BMT0282,13,14,26,18,16,16
158BPA0040,NULL,NULL,NULL,NULL,1,NULL
158BPA0110,NULL,NULL,NULL,NULL,NULL,4
158BPA0113,NULL,NULL,NULL,NULL,NULL,2
158BPA0115,NULL,NULL,NULL,NULL,NULL,3
158BPR0710,NULL,NULL,NULL,NULL,NULL,2
158BPR0870,NULL,NULL,35,47,49,53
158BPR0875,NULL,NULL,30,42,12,7
158BPR0880,NULL,NULL,NULL,3,9,4
158BPR0890,NULL,NULL,NULL,3,NULL,1
158BPR0900,NULL,NULL,NULL,NULL,NULL,1
158BPR0905,NULL,NULL,NULL,NULL,NULL,1
158BPR0910,NULL,NULL,NULL,NULL,10,1
158BPR0920,NULL,NULL,NULL,NULL,4,9
158BPR0925,NULL,NULL,4,3,13,13
158BPR0927,NULL,NULL,5,3,7,6
158BPR0930,NULL,NULL,28,31,36,38
158BPR0940,NULL,NULL,11,13,16,7
158BPR0960,NULL,NULL,9,18,16,14
158BPR0965,NULL,NULL,NULL,NULL,2,NULL
158BPR0970,NULL,NULL,65,117,152,157
158BPR0990,NULL,NULL,3,19,22,21
158BPR9010,NULL,NULL,NULL,16,50,59
158BRS1170,NULL,NULL,NULL,NULL,NULL,13
158BRS1190,NULL,NULL,NULL,NULL,NULL,7
158BRS1192,NULL,1,NULL,NULL,NULL,NULL
158BRS1195,NULL,NULL,3,2,NULL,NULL
158BRS1210,38,56,52,83,70,48
158BRS1230,4,10,6,12,10,17
158BRS1235,25,26,30,28,23,20
158BRS1240,11,17,7,20,9,19
158BRS1250,9,12,7,18,22,19
158BRS1260,23,32,26,53,41,45
158BRS1270,25,14,20,21,32,25
158BRS1290,23,20,19,35,34,23
158BRS1310,81,59,72,66,45,49
158BRS1315,23,19,11,7,12,9
158BRS1317,59,60,53,38,32,17
158BRS1319,64,49,23,NULL,NULL,NULL
158BRS1330,30,41,83,102,93,67
158BRS1340,NULL,6,3,5,11,7
158BRS1350,NULL,NULL,1,NULL,NULL,NULL
158BRS1360,8,2,NULL,NULL,NULL,NULL
158BRS1370,31,38,41,56,34,33
158BRS1390,28,30,23,15,35,20
158BRS1400,24,11,6,2,2,1
158BRS1405,2,9,18,14,11,12
158BRS1410,NULL,NULL,4,22,25,17
158BRS9000,NULL,NULL,12,14,18,23
158BSC1067,17,19,19,20,18,21
158BSC1070,19,16,27,18,30,26
158BSC1080,5,2,4,11,8,11
158BSC1090,15,14,7,23,16,14
163BMS0150,34,57,64,115,97,53
163BMS0160,29,26,18,26,28,23
163BMS0170,8,5,12,8,11,8
163BMS0190,39,54,36,53,47,29
163BMS0195,43,34,35,52,40,44
163BMS0210,29,40,26,51,26,28
163BMS0212,20,18,24,34,27,14
163BMS0213,6,8,9,10,7,2
163BMS0214,5,2,5,4,4,5
163BMS0222,8,14,14,12,12,9
163BMS0230,24,19,32,26,31,25
163BMS0250,3,10,6,17,11,13
163BMS0252,21,19,24,31,35,34
163BMS0270,20,30,18,19,13,19
163BMS0290,23,51,52,62,45,47
163BMS0300,10,15,16,26,20,13
163BMS0310,12,5,17,16,24,26
163BMS0320,31,24,36,30,32,33
163BMS0321,30,46,32,31,30,37
163BMS0322,3,5,2,4,4,5
163BMS0324,9,26,19,34,25,20
163BMS0325,NULL,NULL,NULL,2,3,NULL
163BMS0326,16,6,15,17,15,14
163BMS0327,4,3,7,2,6,2
163BMS0328,7,7,8,9,13,9
163BMS0329,8,7,9,20,10,8
163BMS0330,37,33,39,40,40,42
163BMS0334,28,37,28,18,44,24
163BMS0360,33,25,41,28,32,38
163BMS0370,90,85,85,120,125,120
163BMS0380,3,2,3,5,2,1
163BMS0390,51,71,82,116,107,133
163BMS0392,3,3,9,8,10,16
163BMS0396,16,35,37,48,50,42
163BMS0398,31,42,49,65,95,80
163BMS0452,24,11,18,18,30,32
163BMS0470,36,47,37,41,35,32
163BMS0472,56,66,87,73,89,83
163BMS0490,16,22,36,31,22,19
163BMS0492,14,26,22,22,33,23
163BMS0510,34,35,48,64,58,66
163BMS0512,21,27,18,34,24,19
163BMS0530,8,13,14,12,11,14
163BMS0532,20,26,26,26,24,22
163BMS0550,14,15,22,25,26,26
163BMS0555,5,5,10,13,12,5
163BMT0560,15,25,17,14,13,10
163BMT0565,21,26,24,24,25,22
163BMT0570,20,28,19,11,22,26
163BMT0575,7,9,10,9,11,18
163BMT0577,19,12,13,15,20,15
163BMT0580,34,42,38,48,42,44
163BMT0582,NULL,NULL,NULL,1,1,2
163BMT0785,101,94,109,116,123,180
163BMT0790,12,13,26,26,20,19
163BMT0795,36,31,48,67,51,71
163BMT0800,9,10,9,13,16,15
163BMT0805,35,39,40,60,40,58
163BMT0808,79,112,123,75,53,76
163BMT0810,16,14,34,31,29,35
163BMT0815,25,35,36,33,34,41
163BMT0820,33,26,44,39,32,19
163BMT0821,25,24,35,43,21,22
163BMT0822,21,31,53,41,57,53
163BMT0825,28,33,54,69,90,66
163BMT0830,15,22,24,45,38,37
163BMT0832,10,10,14,24,23,26
163BMT0834,13,20,29,31,28,23
163BMT0836,3,8,11,11,14,25
163BMT0840,2,1,3,4,7,9
163BMT0841,10,13,9,15,10,11
163BMT0842,NULL,5,4,1,3,7
163BMT0846,16,13,8,15,18,28
163BMT0850,8,6,9,7,21,24
163BMT0852,7,9,16,16,22,23
163BMT0855,NULL,1,3,4,3,2
163BMT0860,4,4,NULL,4,9,12
163BPA0870,NULL,4,NULL,NULL,NULL,2
163BPA0910,4,2,NULL,NULL,NULL,NULL
163BPA1040,NULL,NULL,NULL,1,NULL,NULL
163BPA1050,NULL,NULL,NULL,NULL,NULL,1
163BPA1070,NULL,NULL,NULL,NULL,NULL,1
163BPA1090,NULL,1,NULL,NULL,1,NULL
163BPA1110,1,NULL,NULL,NULL,NULL,1
163BPA1120,1,NULL,NULL,NULL,NULL,NULL
163BPA1135,NULL,NULL,NULL,1,4,6
163BPA1140,NULL,NULL,NULL,NULL,NULL,1
163BPA1150,3,5,2,8,6,7
163BPA1160,NULL,NULL,2,2,3,6
163BPA1170,1,1,2,5,9,11
163BPA1180,22,18,20,21,76,116
163BPA1190,1,1,2,4,NULL,8
163BPA1210,35,36,46,47,16,NULL
163BPR0030,NULL,NULL,14,39,43,24
163BPR0032,NULL,NULL,1,3,1,5
163BPR0040,NULL,NULL,NULL,NULL,NULL,2
163BPR0050,NULL,NULL,NULL,5,61,55
163BPR0055,NULL,NULL,NULL,1,8,12
163BPR0060,NULL,NULL,NULL,4,41,55
163BPR0067,NULL,NULL,NULL,2,22,20
163BPR0070,NULL,NULL,NULL,1,20,18
163BPR0073,NULL,NULL,NULL,1,27,30
163BPR0075,NULL,NULL,NULL,8,44,45
163BPR0080,NULL,NULL,NULL,3,105,111
163BPR0082,NULL,NULL,NULL,NULL,NULL,2
163BPR0083,NULL,NULL,NULL,NULL,7,6
163BPR0084,NULL,NULL,NULL,NULL,3,7
163BPR0085,NULL,NULL,NULL,2,59,51
163BPR0090,NULL,NULL,NULL,1,16,12
163BPR0093,NULL,NULL,NULL,1,4,4
163BPR0095,NULL,NULL,NULL,NULL,7,4
163BPR0100,NULL,NULL,NULL,1,13,6
163BPR0105,NULL,NULL,NULL,NULL,88,99
163BPR0110,NULL,NULL,3,3,20,19
163BPR0120,NULL,NULL,59,111,161,147
163BPR0125,NULL,NULL,24,55,65,45
163BPR0128,NULL,NULL,11,33,33,24
163BPR0130,NULL,NULL,36,72,97,76
163BSC0025,39,58,47,49,41,51
163BSC0026,15,12,16,20,17,11
163BSC0027,31,28,41,42,34,33
163BSC0028,12,16,13,18,12,15
163BSC0029,19,15,15,15,18,15
174BAM0230,75,72,85,91,111,86
174BAM0250,49,45,51,89,61,46
174BAM0270,8,15,12,15,9,11
174BAM0290,6,10,5,10,10,17
174BAM0300,2,NULL,NULL,1,1,4
174BAM0310,NULL,NULL,NULL,1,2,4
174BAM0515,3,NULL,NULL,NULL,NULL,NULL
174BMT0030,4,11,4,10,12,14
174BMT0032,7,7,8,9,12,11
174BMT0033,1,4,NULL,2,3,3
174BMT0034,9,6,12,9,12,5
174BMT0035,2,1,3,3,11,2
174BMT0036,1,1,5,2,3,2
174BMT0050,1,1,2,2,3,2
174BMT0070,20,13,18,28,25,24
174BMT0090,40,41,46,44,39,47
174BMT0091,NULL,1,1,NULL,1,NULL
174BMT0092,12,17,21,13,14,15
174BMT0094,2,3,4,1,1,2
174BMT0100,28,28,27,22,29,17
174BMT0110,8,6,8,11,10,8
174BMT0112,4,3,1,9,3,5
174BMT0115,15,10,12,6,16,10
174BMT0120,14,15,15,9,24,7
174BMT0125,NULL,NULL,NULL,2,1,1
174BMT0130,5,11,11,11,9,11
174BMT0131,NULL,NULL,4,NULL,2,1
174BMT9000,85,89,98,106,96,88
174BRO0150,26,44,47,39,NULL,NULL
174BRO0155,1,NULL,6,4,NULL,NULL
174BRO0160,NULL,NULL,NULL,3,24,18
174BRO0165,NULL,1,2,9,39,23
174BRO0170,NULL,2,1,1,NULL,2
174BRR0670,3,1,3,2,3,6
174BRR0675,NULL,NULL,NULL,1,2,2
174BRR0685,7,1,3,1,3,1
174BRR0690,NULL,NULL,NULL,NULL,1,NULL
174BRR0695,NULL,NULL,NULL,2,1,NULL
174BRR0700,2,NULL,NULL,1,NULL,NULL
174BRR0705,NULL,NULL,NULL,NULL,NULL,1
174BRR0710,NULL,1,NULL,NULL,NULL,NULL
174BRR0730,NULL,NULL,NULL,NULL,NULL,2
174BRR0735,1,1,NULL,NULL,NULL,NULL
174BRR0745,1,NULL,NULL,NULL,1,NULL
174BRR0750,NULL,NULL,1,NULL,1,2
174BRR0755,1,1,NULL,NULL,NULL,1
174BRR0765,NULL,NULL,1,NULL,1,NULL
174BRR0770,1,NULL,NULL,NULL,NULL,NULL
174BRR0780,4,NULL,NULL,1,NULL,NULL
174BRR0785,1,NULL,1,2,2,2
174BRR0790,NULL,NULL,NULL,NULL,NULL,1
174BRR0800,1,2,NULL,1,NULL,2
174BRR0805,3,4,NULL,1,5,NULL
174BRR0808,1,NULL,NULL,NULL,NULL,NULL
174BRR0810,1,3,NULL,1,1,1
174BRR0830,1,NULL,2,2,1,1
174BRR0850,5,3,7,6,1,1
174BRR0870,2,1,3,NULL,5,1
174BRR0900,3,6,12,4,1,5
174BRR0915,10,12,16,7,12,10
174BRR0930,104,79,82,63,102,91
174BRR0940,73,46,43,32,30,23
174BRR0945,101,28,18,6,11,14
174BRR0950,11,21,11,14,9,7
174BRR0960,6,6,3,3,3,7
174BRR0965,6,2,5,3,4,2
174BRR0975,1,2,1,1,3,NULL
174BRR0980,4,2,4,5,NULL,1
174BRR0985,3,NULL,4,1,3,2
174BRR0990,5,6,6,2,5,2
174BRR1000,3,NULL,3,3,3,NULL
174BRR1010,1,4,NULL,2,1,2
174BRR1015,3,2,1,1,NULL,2
174BRR1020,1,3,2,1,NULL,1
174BRR1025,1,NULL,NULL,NULL,NULL,NULL
174BRR1030,1,1,NULL,NULL,1,1
174BRR1040,3,1,1,1,NULL,1
174BRR1050,1,1,1,NULL,2,2
174BRR1060,2,2,2,1,NULL,2
174BRR1065,NULL,2,NULL,1,1,NULL
174BRR1075,2,3,2,1,2,1
174BRR1090,NULL,1,NULL,3,1,NULL
210BAP0010,53,63,80,88,108,127
210BAP0090,4,5,7,4,1,5
210BAP0110,16,19,14,8,13,13
210BAP0130,3,3,1,2,NULL,1
210BAP0140,2,NULL,2,1,NULL,1
210BAP0150,NULL,1,1,2,NULL,NULL
210BRR0440,NULL,NULL,NULL,1,NULL,NULL
210BRR0550,NULL,NULL,NULL,1,NULL,NULL
222BCE0035,44,28,46,59,55,63
222BCE0037,21,25,19,33,41,38
222BCE0040,11,10,11,14,17,19
222BCE0045,9,10,12,20,11,11
222BCE0047,20,7,14,11,21,14
222BCE0050,33,26,23,45,26,32
222BCE0070,15,23,23,41,36,19
222BCE0080,12,16,11,10,12,12
222BCE0085,16,12,19,20,9,11
222BCE0090,42,52,39,57,19,30
222BCE0110,68,58,69,88,34,60
222BCE0130,31,41,30,42,19,33
222BCE0150,11,15,20,13,15,24
222BCE0160,7,6,7,7,10,6
222BCE0170,13,14,12,19,23,16
222BCE0190,20,22,12,16,13,20
222BCE0191,9,11,6,6,12,16
222BCE0210,54,49,69,69,92,75
222BCE0220,1,11,5,12,14,15
222BCE0230,29,10,16,18,17,14
222BCE9001,316,392,368,523,502,559
222BCE9003,136,170,205,248,231,250
222BMA0410,3,2,5,5,6,1
222BMA0450,8,4,7,8,16,3
222BMA0470,12,11,13,12,16,1
222BMA0472,14,11,9,19,10,10
222BMA0490,4,14,14,11,15,17
222BMA0550,17,9,19,10,11,7
222BMA0570,2,4,5,4,6,6
222BMA0580,NULL,NULL,NULL,NULL,2,1
222BMA0585,1,1,NULL,NULL,NULL,1
222BMA0590,9,18,22,38,27,26
222BMA0595,2,7,3,14,11,11
222BMA0610,2,4,2,1,NULL,NULL
222BMA0630,19,25,17,25,35,34
222BMA0650,46,33,24,21,24,24
222BMA0660,4,4,2,7,5,7
222BMA0665,34,16,19,11,14,9
222BMA0670,5,3,6,1,1,3
222BMA0680,80,90,81,163,195,200
222BPA0712,8,19,17,9,27,35
222BPA0714,7,9,1,7,6,4
222BPA0720,3,3,3,NULL,1,2
222BPA0730,2,2,5,1,2,4
222BPA0750,3,4,3,NULL,9,11
222BPA0770,22,29,23,24,28,31
222BPA0790,8,9,2,7,9,10
222BPA0810,43,45,44,66,60,65
222BPA0850,4,10,7,NULL,NULL,NULL
222BPI0250,13,5,7,8,15,11
222BPI0270,21,8,29,16,17,17
222BPI0273,7,13,5,13,3,8
222BPI0274,NULL,NULL,NULL,3,3,1
226BCE0630,NULL,NULL,NULL,NULL,NULL,1
226BCE0650,1,NULL,NULL,NULL,NULL,1
226BMA0810,NULL,NULL,NULL,2,1,NULL
226BMA0812,NULL,NULL,NULL,1,1,NULL
226BMA0815,NULL,2,1,NULL,7,1
226BMA0820,1,NULL,4,5,4,1
226BMA0830,NULL,NULL,NULL,1,1,1
226BMA0840,1,NULL,4,3,4,4
226BMA0850,1,1,1,4,1,3
226BMA0860,4,5,10,9,8,9
226BMA0870,1,1,NULL,2,NULL,6
226BMA0880,3,3,4,3,10,8
226BMA0885,NULL,NULL,NULL,1,NULL,NULL
226BMA0890,5,4,9,4,11,11
226BMA0910,23,18,31,25,42,32
226BMA0940,NULL,NULL,2,1,3,1
226BRN0010,1,3,3,6,16,8
226BRN0015,4,4,10,32,51,41
226BRN0018,49,42,40,80,70,83
226BRN0030,NULL,NULL,2,NULL,4,2
226BRN0050,2,2,5,11,13,10
226BRN0070,11,5,10,5,9,5
226BRN0080,4,5,5,10,10,10
226BRN0090,8,6,6,5,6,6
226BRN0110,5,13,9,15,25,20
226BRN0130,8,7,13,20,20,16
226BRN0150,15,9,11,11,12,10
226BRN0155,10,10,18,20,13,21
226BRN0165,4,4,2,5,8,NULL
226BRN0170,2,7,7,4,7,5
226BRN0180,13,17,13,17,24,18
226BRN0185,2,3,5,2,4,4
226BRN0190,NULL,NULL,NULL,NULL,1,NULL
226BRN0210,1,8,9,9,9,NULL
226BRN0220,2,7,3,7,6,NULL
226BRN0250,1,1,3,6,7,6
226BRN0270,1,NULL,1,4,NULL,3
226BRN0290,3,7,3,6,4,9
226BRN0300,NULL,NULL,1,2,5,3
226BRN0310,NULL,NULL,NULL,NULL,2,1
226BRN0315,NULL,NULL,NULL,NULL,2,NULL
226BRN0325,NULL,NULL,NULL,NULL,3,NULL
226BRN0350,NULL,NULL,NULL,NULL,1,NULL
226BRN0360,NULL,NULL,NULL,NULL,1,NULL
226BRN0375,NULL,NULL,NULL,NULL,NULL,1
226BRN0380,NULL,NULL,NULL,NULL,NULL,4
226BTO0950,17,17,13,15,22,20
226BTO0952,11,8,10,16,14,15
226BTO0970,15,21,24,18,16,16
226BTO0972,18,29,20,19,26,37
230BAM1890,NULL,NULL,NULL,1,NULL,NULL
230BAM1930,NULL,NULL,NULL,NULL,NULL,1
230BAM1945,NULL,NULL,NULL,NULL,1,NULL
230BAM1955,NULL,NULL,NULL,NULL,1,NULL
230BAM1995,NULL,1,NULL,NULL,NULL,NULL
230BAM2000,NULL,1,NULL,NULL,NULL,NULL
230BAM2005,NULL,NULL,NULL,NULL,NULL,1
230BAM2030,NULL,1,NULL,1,NULL,NULL
230BAM2040,NULL,NULL,NULL,NULL,1,NULL
230BCE0530,NULL,2,1,NULL,3,2
230BCE0570,NULL,NULL,NULL,NULL,3,1
230BCE0590,NULL,NULL,NULL,2,NULL,3
230BCE0600,NULL,NULL,NULL,NULL,NULL,3
230BMA0910,20,32,26,33,46,5
230BMA0930,9,9,18,28,18,3
230BMA0980,3,2,7,4,4,1
230BMA0990,6,10,13,9,10,8
230BMA0992,3,5,15,3,8,4
230BMA1000,3,3,2,3,6,6
230BMA1002,1,6,7,9,2,14
230BMA1010,8,7,15,13,14,11
230BMA1030,43,56,69,82,70,83
230BMA1050,24,21,25,39,55,44
230BMA1060,8,11,21,18,15,10
230BPA1190,NULL,NULL,NULL,NULL,2,NULL
230BPA1200,1,2,NULL,1,3,1
230BPA1220,1,NULL,NULL,1,NULL,NULL
230BPA1225,1,1,NULL,3,NULL,NULL
230BPA1230,2,2,1,1,NULL,2
230BPA1245,6,9,8,12,6,14
230BPA1290,47,68,223,250,176,163
230BPA1300,91,99,32,20,16,20
230BPA1305,116,147,35,9,18,11
230BPA1310,1,1,1,3,2,1
230BPA1330,1,NULL,NULL,3,NULL,1
230BPA1360,6,3,4,8,4,1
230BPA1390,NULL,NULL,5,14,1,1
230BPA1400,1,1,2,18,NULL,2
230BPA1405,NULL,NULL,NULL,NULL,4,4
230BPA1420,2,NULL,NULL,1,1,NULL
230BPA1430,5,4,NULL,4,4,2
230BPA1440,NULL,NULL,NULL,NULL,3,NULL
230BPA1450,4,6,4,7,6,12
230BPA1460,2,1,2,1,10,5
230BPA1470,NULL,NULL,1,NULL,NULL,NULL
230BPA1480,7,12,15,22,17,34
230BPA1490,1,5,6,14,9,30
230BPA1500,6,1,2,3,7,7
230BPA1505,12,9,8,9,12,9
230BPA1510,2,2,1,3,2,2
230BPA1520,5,4,4,12,9,6
230BPA1530,NULL,NULL,1,NULL,3,2
230BPA1540,2,1,6,4,6,3
230BPA1570,NULL,NULL,NULL,2,1,NULL
230BPA1590,1,NULL,NULL,NULL,NULL,1
230BPA1640,NULL,NULL,1,2,1,NULL
230BPA1650,2,2,4,1,1,1
230BPA1670,NULL,NULL,NULL,1,NULL,NULL
230BPA1680,25,18,19,23,21,25
230BPA1690,1,NULL,3,1,3,7
230BPA1730,NULL,1,NULL,NULL,NULL,NULL
230BPB0010,485,670,621,707,663,604
230BPB0030,241,295,373,478,489,554
230BPB0070,50,62,49,70,80,81
230BPB0090,17,22,23,28,37,36
230BPB0100,11,8,9,15,14,16
230BPB0110,10,18,13,19,29,37
230BPB0120,35,39,59,55,63,66
230BPB0130,1,2,3,1,8,5
230BPB0140,37,40,41,29,45,62
230BPB0150,10,13,7,20,16,13
230BPB0160,12,4,6,6,9,9
230BPB0170,53,76,61,65,73,65
230BPB0190,24,23,28,25,26,11
230BPB0210,84,57,76,48,40,49
230BPB0215,75,101,133,75,67,95
230BPB0230,78,109,74,74,103,106
230BPB0235,20,12,20,15,26,30
230BPB0240,16,8,8,13,10,18
230BPB0250,31,21,20,30,37,41
230BPB0270,18,20,15,15,18,11
230BPB0280,3,6,8,11,2,7
230BPB0290,6,15,8,6,10,12
230BPB0295,22,30,27,26,26,28
230BPB0300,6,5,6,8,5,6
230BPB0310,12,16,13,15,11,18
230BPB0315,21,24,20,8,21,19
230BPB0320,11,5,12,6,4,3
230BPB0350,7,9,15,8,11,8
230BPB0360,2,6,6,7,7,15
230BPB0365,10,14,17,17,13,9
230BPB0370,9,11,12,9,22,23
230BPB0390,36,37,26,31,40,35
230BPB0410,13,13,28,22,19,18
230BPB0430,15,24,22,23,22,22
230BPB0450,30,36,30,46,35,52
230BPB0460,11,12,13,6,10,9
230BPB0465,12,19,15,14,11,20
230BPB0470,14,8,19,4,11,9
230BPB0490,7,7,7,6,3,10
230BPB0510,23,13,29,19,26,36
230BPB0520,4,4,6,8,2,3
230BPB0525,6,7,11,2,1,7
230BPI0730,1,NULL,NULL,1,NULL,1
230BPI0750,NULL,1,4,3,2,3
230BPI0755,1,NULL,2,NULL,1,2
230BPI0850,4,6,3,3,14,5
230BPI0852,7,5,10,9,6,9
230BPI0855,4,2,5,6,5,3
230BPI0860,1,NULL,2,NULL,1,1
230BPI0870,12,17,16,16,12,14
230BPI0875,2,2,2,2,3,6
230BPI0880,4,7,5,7,10,2
230BPI0890,9,9,12,9,12,10
230BPI0895,11,21,16,23,16,23
230BPI0900,1,4,5,3,8,16
230BTO1092,2,2,9,5,2,7
230BTO1095,1,NULL,NULL,2,3,NULL
230BTO1110,2,1,4,4,2,1
230BTO1115,3,1,2,2,3,2
230BTO1120,NULL,NULL,2,1,1,2
230BTO1122,NULL,NULL,1,NULL,NULL,1
230BTO1127,NULL,NULL,1,NULL,1,NULL
232BPE0010,19,20,20,33,26,37
232BPE0015,98,113,153,211,274,268
232BPE0017,35,41,42,37,53,48
232BPE0020,78,89,74,89,143,87
232BPE0030,82,95,95,112,135,108
232BPE0050,30,20,32,44,32,21
232BPE0060,81,74,115,128,140,89
232BPE0070,74,49,68,90,93,90
232BPE0090,26,32,31,39,56,48
232BPE0110,67,75,97,100,164,117
232BPE0120,30,41,54,72,47,42
232BPE0130,16,14,23,25,22,17
232BPE0140,95,125,128,148,163,155
232BPE0150,116,92,108,115,148,132
232BPE0170,34,10,18,28,27,31
232BPE0190,54,42,41,65,62,65
232BPE0210,30,30,48,69,65,57
232BPE0230,34,46,33,45,65,50
232BPE0250,4,1,1,4,2,1
232BPE0260,36,49,54,73,74,82
232BPE0270,26,34,40,45,40,37
232BPE0290,9,10,9,11,17,12
232BPE0300,11,21,15,27,18,14
232BPE0310,15,24,29,32,47,46
232BPE0330,1,1,2,4,1,3
232BPE0350,9,5,7,7,9,9
232BPE0360,14,25,26,43,41,32
232BPE0370,19,24,38,53,42,48
232BPE0390,4,11,20,31,23,21
232BPE0400,4,1,4,7,5,4
232BPE0410,12,10,12,15,17,12
232BPE0420,11,20,10,21,28,21
232BPE0430,19,25,35,31,54,46
232BPE0435,3,3,4,15,17,15
232BPE0440,1,7,13,9,12,6
232BPE0450,3,5,2,5,6,2
235BBA0190,2,1,NULL,NULL,NULL,NULL
235BBA0192,NULL,1,NULL,NULL,NULL,2
235BBA0194,NULL,4,1,2,1,1
235BBA0210,1,NULL,NULL,1,NULL,2
235BBA0220,NULL,NULL,NULL,NULL,NULL,2
235BBA0230,NULL,1,NULL,NULL,NULL,NULL
235BBA0240,NULL,1,NULL,NULL,1,NULL
235BSE0005,23,37,41,48,40,59
235BSE0010,149,162,162,213,172,177
235BSE0050,31,29,45,36,43,52
235BSE0060,77,80,70,103,101,131
235BSE0070,8,11,9,8,13,15
235BSE0090,46,46,53,51,69,62
235BSE0110,10,13,13,13,16,24
235BSE0130,3,2,3,NULL,NULL,2
235BSE0150,17,9,2,8,11,11
235BSE0170,2,1,6,5,1,7
242BBA0070,49,65,71,34,41,34
242BBA0110,12,17,23,17,29,29
242BBA0112,19,19,23,25,33,24
242BBA0114,13,17,28,10,19,15
242BBA0130,2,NULL,2,NULL,1,3
242BBA0132,12,10,7,6,11,7
242BBA0134,2,1,1,1,1,NULL
242BBA0136,41,37,52,32,32,35
242BBA0138,38,37,49,69,76,65
242BBA0150,4,4,5,9,7,5
242BBA0180,2,3,2,6,NULL,5
242BBA0200,5,2,5,4,5,7
242BBA0202,5,5,7,10,6,10
242BBA0204,23,22,31,40,27,25
242BBA0210,4,6,7,7,4,4
242BBA0220,13,9,17,16,17,13
242BBA0225,4,12,13,9,10,7
242BBA0230,13,13,18,10,33,6
242BBA0240,11,12,19,8,15,3
242BBA0250,3,15,16,10,6,4
242BBA0252,14,25,33,16,13,11
242BBA0260,24,38,31,20,11,10
242BBA0270,1,4,4,3,2,7
242BBA0290,3,25,27,14,10,15
242BBA0300,19,35,34,47,47,42
242BBA0310,5,5,7,9,7,7
242BBA0340,7,17,15,4,8,4
242BBA0350,2,1,NULL,NULL,1,2
242BTO0440,1,3,1,NULL,3,4
242BTO0445,1,2,2,3,4,10
242BTO0450,8,10,18,15,20,25
242BTO0490,3,NULL,5,5,NULL,2
242BTO0510,2,8,9,10,9,8
242BTO0512,NULL,2,4,8,1,1
242BTO0520,NULL,NULL,1,NULL,NULL,NULL
251BDF0490,5,2,2,3,1,5
251BDF0515,NULL,1,NULL,1,2,1
251BDF0520,NULL,NULL,2,2,3,NULL
251BDF0525,2,NULL,1,NULL,3,2
251BDF0530,14,12,7,10,15,16
251BDF0532,1,NULL,NULL,3,2,3
251BDF0550,6,5,7,4,12,13
251BDF0552,1,2,NULL,NULL,NULL,NULL
251BGO0470,2,2,1,2,4,3
251BGO0480,1,NULL,NULL,NULL,NULL,NULL
251BGO0625,13,7,6,15,16,11
251BMG0220,16,14,27,25,26,28
251BMG0230,25,27,26,44,45,45
251BMG0240,25,32,23,50,66,60
251BMG0250,60,83,108,114,151,137
251BMG0270,57,85,107,116,156,105
251BMG0280,15,39,42,61,49,37
251BMG0300,14,4,NULL,NULL,NULL,NULL
251BMG0350,NULL,NULL,NULL,NULL,NULL,1
259BES0010,58,57,67,79,69,70
259BES0015,89,77,90,91,83,72
259BES0030,3,5,3,2,NULL,3
259BES0070,6,13,27,13,31,33
259BES0075,44,45,31,36,46,51
259BES0080,19,10,8,20,18,30
259BES0085,1,NULL,1,NULL,NULL,NULL
259BES0095,3,3,NULL,1,1,1
262BES0010,155,136,115,114,104,91
262BES0020,365,320,338,390,331,297
262BES0030,486,515,497,581,529,440
262BES0070,217,192,227,258,259,267
262BES0090,17,27,24,40,36,42
262BES0100,65,94,91,92,80,118
262BES0110,110,122,142,134,131,121
262BES0130,25,27,28,29,34,23
262BES0150,2,2,9,9,6,10
262BES0155,81,90,71,76,90,71
262BES0170,50,63,47,68,60,54
262BES0190,14,29,20,24,23,18
262BES0195,39,38,46,36,23,34
262BES0200,122,108,83,102,102,121
262BES0205,13,4,5,6,6,8
262BES0210,35,36,25,41,30,43
262BMG0230,17,24,22,30,22,35
262BMG0240,16,17,25,22,20,16
262BMG0250,33,30,37,44,48,48
262BMG0270,73,93,130,114,137,120
262BMG0290,132,123,151,174,156,172
262BMG0295,38,59,61,46,67,61
262BMG0300,6,5,7,8,5,10
262BMG0310,52,43,48,63,74,51
262BMG0320,49,50,47,60,71,66
262BMG0330,18,21,22,23,19,23
262BMG0350,41,39,35,60,69,43
262BMG0370,39,48,57,77,58,49
262BMG0390,30,19,31,25,43,19
262BMG0393,24,30,26,39,28,22
262BMG0640,NULL,13,16,30,12,20
262BMG0650,180,189,246,267,192,172
262BMG0670,59,40,49,66,46,51
262BMG0685,118,167,176,171,143,140
262BMG0690,5,4,7,6,7,8
262BMG0710,58,32,51,59,47,44
262BMG0730,46,50,74,78,79,39
262BMG0740,10,15,31,32,23,20
262BMG0750,160,189,151,208,249,231
262BMG0770,46,56,39,47,51,44
262BMG0790,59,64,59,94,89,64
262BMG0810,33,34,38,22,19,33
262BMG0820,86,91,91,97,112,95
262BMG0830,41,54,73,76,36,22
262BMG0850,20,27,37,44,47,31
262BMG0870,83,101,109,127,161,126
262BMG0890,91,90,74,111,70,56
262BMG0910,18,16,20,22,21,14
262BMG0930,50,47,23,46,55,34
262BMG0950,13,14,14,17,20,20
262BMG0970,10,17,20,30,20,13
262BMG0990,25,27,24,35,40,46
262BMG0995,1,3,3,6,10,5
262BMG1010,41,40,44,49,61,57
262BMG1020,10,13,10,17,10,12
262BMG1030,1,3,2,4,7,1
262BMS1270,14,11,9,9,13,6
262BMS1275,6,6,4,11,5,3
262BMS1280,8,11,17,32,23,24
262BMS1290,16,29,38,24,48,57
262BMS1300,14,8,18,21,19,34
262BMS1305,44,37,54,68,80,73
262BMS1310,5,7,8,11,19,10
262BMS1314,5,6,5,13,3,8
262BMS1316,29,28,22,28,33,30
262BMS1320,20,18,30,33,25,28
262BMS1325,42,53,65,73,74,49
262BMS1333,8,11,10,14,16,25
262BMS1336,41,58,38,68,54,51
262BMS1338,13,15,11,11,18,21
262BMS1350,31,27,41,52,37,53
262BMS1352,7,18,10,14,9,13
262BMS1360,23,16,19,19,20,24
262BMS1362,11,37,25,23,23,26
262BMS1364,8,6,7,4,4,4
262BMS1370,4,5,6,11,8,6
262BMS1380,NULL,2,1,4,NULL,NULL
262BMS1390,18,22,31,31,34,29
262BMS1395,32,35,51,55,34,28
262BMS1412,2,NULL,2,2,3,NULL
262BMS1420,23,33,29,16,29,12
262BMS1440,5,7,1,3,6,3
262BMS1450,3,5,8,10,6,3
262BMS1452,16,8,14,12,19,11
262BMS1460,1,1,NULL,2,1,1
262BMS1465,5,5,4,2,2,NULL
262BMS1470,NULL,NULL,NULL,NULL,1,NULL
265BMG0270,NULL,NULL,NULL,NULL,NULL,1
267BMG0030,69,63,65,75,106,109
267BMG0050,65,75,63,65,89,104
267BMG0060,NULL,NULL,NULL,NULL,NULL,1
267BMG0090,NULL,1,1,1,1,NULL
267BMG0110,7,9,3,6,8,6
267BMG0130,28,32,29,34,37,54
267BMG0140,28,14,25,24,35,29
267BMG0150,32,26,29,37,50,28
267BMG0165,1,2,6,3,4,2
267BMG0170,24,37,31,55,60,41
267BMG0190,25,21,29,25,23,28
267BMG0210,8,8,8,14,2,7
267BMG0230,19,22,19,22,14,13
267BMG0240,13,15,13,16,20,15
267BMG0250,29,30,20,32,33,22
267BMG0270,19,16,30,29,24,18
267BMG0290,21,19,26,24,25,35
267BMG0310,18,17,28,25,31,27
267BMG0330,16,10,25,13,25,19
267BMG0350,NULL,2,15,3,10,5
267BMG0370,5,2,3,3,NULL,NULL
267BMG0390,22,19,23,15,27,18
267BMG0393,40,34,41,59,74,51
267BMS0870,4,2,5,NULL,8,1
267BMS0880,24,31,48,68,30,35
267BMS0885,14,9,10,11,12,7
267BMS0890,66,65,67,92,85,66
267BMS0910,10,15,15,23,12,8
267BMS0920,46,50,65,60,43,41
267BMS0930,20,22,26,31,27,23
267BMS0950,8,13,18,27,30,27
267BMS0972,6,5,4,4,NULL,5
267BMS0973,2,3,1,4,4,NULL
267BMS0975,6,21,9,12,14,11
267BMS0980,NULL,4,1,1,4,1
267BMS0985,1,2,4,2,3,1
267BMS0990,NULL,1,4,1,1,1
267BMS0995,1,4,2,3,5,3
267BMS1000,NULL,11,4,7,3,2
267BMS1010,12,21,19,41,38,16
267BMS1030,2,9,1,2,8,3
267BMS1050,5,6,13,14,11,15
267BMS1090,11,8,14,13,10,21
267BMS1110,3,3,1,2,3,3
267BMS1115,5,5,8,2,5,3
267BMS1120,1,1,NULL,1,NULL,1
267BMS1122,NULL,1,1,3,4,3
267BMS1130,6,8,1,7,5,5
267BMS1140,NULL,NULL,NULL,1,NULL,NULL
272BPR0450,NULL,NULL,5,7,9,4
272BPR0452,NULL,NULL,21,23,29,35
272BPR0455,NULL,NULL,8,25,20,25
272BPR0458,NULL,NULL,NULL,1,NULL,NULL
272BPR0460,NULL,NULL,5,6,2,6
272BPR0470,NULL,NULL,22,35,40,34
272BPR0490,NULL,NULL,4,3,9,10
272BPR0500,NULL,NULL,4,15,11,20
272BPR0550,NULL,NULL,4,4,12,9
272BPR0560,NULL,1,27,39,40,38
272BPR0565,NULL,NULL,25,67,42,30
277BPR0025,25,25,26,38,33,33
277BPR0030,26,25,27,29,46,32
277BPR0033,357,445,530,450,493,480
277BPR0051,NULL,NULL,NULL,NULL,1,NULL
277BPR0053,NULL,NULL,150,296,333,305
277BPR0055,NULL,NULL,188,323,377,325
277BPR0058,NULL,NULL,15,30,39,42
277BPR0060,NULL,NULL,29,109,125,122
277BPR0065,NULL,NULL,33,71,89,85
277BPR0070,NULL,NULL,39,90,95,74
277BPR0075,NULL,NULL,12,17,13,16
277BPR0080,NULL,NULL,5,12,8,6
277BPR0085,NULL,NULL,18,32,28,24
277BPR0090,NULL,NULL,29,30,42,39
277BPR0097,NULL,NULL,3,4,1,2
277BPR0110,1,NULL,81,129,131,163
277BPR0130,NULL,NULL,5,12,14,7
277BPR0135,NULL,1,NULL,6,3,5
277BPR0140,1,NULL,14,40,39,42
277BPR0150,NULL,NULL,9,7,4,10
277BPR0160,13,18,22,47,33,35
277BPR0170,43,63,45,63,61,75
277BPR0190,60,73,77,97,109,62
277BPR0205,33,51,53,39,65,51
277BPR0210,13,18,21,35,19,20
277BPR0215,27,34,22,32,42,51
277BPR0220,33,47,37,52,55,55
277BPR0230,53,57,44,56,51,42
277BPR0235,19,26,27,24,19,20
277BPR0240,42,58,44,54,62,57
277BPR0250,55,69,68,74,79,63
277BPR0270,90,105,95,136,117,103
277BPR0280,29,21,29,33,27,27
277BPR0285,23,31,31,33,39,36
277BPR0290,56,40,37,41,52,35
277BPR0295,55,59,64,73,64,73
277BPR0300,142,201,191,190,194,157
277BPR0305,162,203,216,246,215,226
277BPR0310,59,62,70,80,80,68
277BPR0315,18,23,25,44,37,29
277BPR0320,90,91,67,118,75,77
277BPR0325,17,16,23,38,21,23
277BPR0330,8,10,7,17,5,7
277BPR0335,56,70,81,62,79,62
277BPR0340,74,74,76,74,92,79
277BPR0345,23,25,28,24,38,27
277BPR0350,68,78,89,83,95,135
277BPR0355,76,59,58,57,88,91
277BPR0360,23,31,13,28,25,28
277BPR0365,104,88,112,100,100,69
277BPR0370,28,32,26,26,19,26
277BPR0375,90,83,83,67,85,77
277BPR0380,313,298,291,349,352,331
277BPR0385,103,117,100,117,128,130
277BPR0387,22,9,14,10,8,4
277BPR9050,138,283,337,301,355,340
277BPR9510,53,100,91,128,98,124
277BPR9520,22,22,36,44,32,18
277BPR9530,29,24,36,45,54,47
277BPR9540,8,13,17,11,28,13
280BPR0330,NULL,NULL,20,52,39,38
280BPR0350,NULL,NULL,9,19,19,8
280BSC0005,26,21,20,27,33,18
280BSC0010,124,121,120,143,131,102
280BSC0015,16,30,43,52,43,39
280BSC0020,96,71,102,85,127,115
280BSC0030,20,17,32,28,36,30
280BSC0040,87,93,119,136,135,92
280BSC0050,89,151,184,198,203,158
280BSC0055,108,85,94,112,89,82
280BSC0060,153,NULL,NULL,NULL,1,NULL
280BSC0065,154,142,163,204,185,151
280BSC0070,60,72,69,57,59,64
280BSC0085,54,53,35,44,24,33
280BSC0090,137,153,114,122,112,116
280BSC0092,16,14,33,63,44,54
280BSC0095,119,105,107,104,103,113
280BSC0110,45,34,50,61,59,56
280BSC0115,6,4,10,6,20,15
280BSC0117,NULL,NULL,NULL,NULL,4,6
282BSC0010,577,646,631,699,718,715
282BSC0030,180,212,229,223,221,204
282BSC0035,25,16,29,31,25,24
282BSC0040,27,26,43,47,56,34
282BSC0050,76,84,114,162,70,99
282BSC0070,157,142,153,222,162,173
282BSC0090,37,31,19,23,30,25
282BSC0095,16,16,22,25,31,20
282BSC0110,13,12,13,22,20,19
282BSC0130,16,27,34,29,36,27
282BSC0140,7,10,3,8,8,11
282BSC0150,59,40,50,68,70,52
282BSC0175,64,47,52,63,74,66
282BSC0180,82,55,54,32,59,42
282BSC0190,46,44,56,65,63,63
282BSC0191,78,100,126,108,114,133
282BSC0210,32,51,59,60,50,78
282BSC0220,6,8,7,5,11,9
282BSC0225,3,34,31,41,50,45
282BSC0228,6,14,10,22,13,18
282BSC0230,34,37,47,46,41,50
282BSC0245,8,16,12,19,17,18
282BSC0250,107,111,111,126,141,124
282BSC0270,78,68,74,89,90,79
282BSC0290,17,24,13,24,21,19
282BSC0295,77,83,74,68,85,110
282BSC0310,83,68,62,104,103,84
282BSC0330,162,182,188,230,209,204
282BSC0340,18,12,17,20,24,28
282BSC0350,175,214,218,219,229,204
282BSC0370,132,128,140,169,168,146
282BSC0375,17,19,18,21,32,18
282BSC0377,62,63,62,80,73,42
282BSC0380,57,26,25,42,51,51
282BSC0385,92,67,37,66,51,46
282BSC0390,NULL,NULL,NULL,NULL,NULL,1
282BSC0395,NULL,NULL,NULL,NULL,8,10
285BRS0075,NULL,NULL,NULL,NULL,NULL,2
285BRS0077,4,4,5,9,4,5
285BRS0090,26,29,35,41,40,36
285BRS0110,137,124,114,150,146,164
285BRS0120,56,52,54,60,56,60
285BRS0130,32,31,43,47,43,26
285BRS0150,28,24,24,27,31,30
285BRS0160,9,6,12,20,15,5
285BRS0170,17,19,16,18,18,21
285BRS0175,5,3,3,6,5,6
285BRS0180,8,9,13,23,11,9
285BRS0183,39,45,36,65,44,59
285BRS0185,22,21,34,38,50,52
285BRS0190,51,45,56,77,56,88
285BRS0210,46,42,55,70,59,46
285BRS0230,25,26,35,28,31,34
285BRS0250,29,34,28,48,33,39
285BRS0260,11,13,15,10,9,7
285BRS0270,NULL,7,5,3,5,7
285BRS0290,11,20,13,30,31,23
285BRS0310,20,27,23,28,27,29
285BRS0315,41,40,41,51,59,47
285BRS0320,21,35,30,30,41,37
285BRS0325,16,32,27,39,37,37
285BRS0330,42,53,91,92,84,53
285BRS0350,33,18,32,53,39,45
285BRS0355,2,7,6,25,18,14
285BRS0360,1,2,3,5,2,3
285BRS0362,15,14,11,24,15,22
285BRS0365,1,12,10,14,19,20
285BRS0370,36,21,40,41,39,29
285BRS0390,28,19,13,20,29,19
285BRS0391,NULL,NULL,NULL,6,NULL,3
285BRS0392,3,2,1,3,6,4
285BRS9010,NULL,2,1,NULL,NULL,NULL
287BRS0210,NULL,NULL,1,53,192,174
287BRS0250,127,143,145,184,158,159
287BRS0270,36,23,28,18,23,13
287BRS0290,23,14,8,15,11,5
287BRS0310,4,11,11,36,30,26
287BRS0330,24,35,40,43,66,40
287BRS0350,22,16,16,29,47,21
287BRS0370,19,19,18,32,25,27
287BRS0390,3,1,NULL,1,1,1
287BRS0410,6,7,12,12,3,6
287BRS0430,14,14,6,20,9,15
287BRS9010,NULL,NULL,NULL,NULL,NULL,1
290BRS0015,170,135,152,199,157,150
290BRS0030,185,172,206,212,205,197
290BRS0040,175,139,165,144,128,152
290BRS0050,82,111,93,136,121,162
290BRS0070,135,131,130,198,176,175
290BRS0110,29,39,31,32,35,39
290BRS0120,22,22,13,33,30,44
290BRS0150,65,56,84,85,110,103
290BRS0170,17,14,17,11,20,23
290BRS0175,22,32,22,31,36,38
290BRS0180,31,38,42,51,47,54
290BRS0190,37,35,41,55,49,44
290BRS0230,10,11,11,28,9,12
290BRS0250,22,20,28,34,25,26
290BRS0260,29,39,26,44,31,25
290BRS0270,11,14,8,4,6,3
290BRS0290,39,36,62,48,23,37
290BRS0330,8,18,25,30,20,18
290BRS0340,5,11,5,19,10,10
290BRS0350,26,26,35,52,37,24
290BRS0370,1,4,5,4,8,2
290BRS0380,3,3,3,12,13,11
290BRS0390,13,16,13,35,20,18
290BRS0410,21,22,37,28,16,21
290BRS0420,13,8,12,9,7,15
290BRS0430,17,14,14,39,27,33
290BRS9000,4,6,4,12,5,11
293BRS0010,35,63,46,61,75,75
293BRS0030,17,17,27,23,24,34
293BRS0035,28,23,24,27,38,33
293BRS0050,10,7,9,6,13,6
293BRS0070,13,21,26,16,35,31
293BRS0085,1,1,NULL,1,NULL,1
293BRS0090,24,32,36,46,45,57
293BRS0110,15,13,23,12,16,17
293BRS0130,21,15,33,29,34,26
293BRS0150,16,13,17,31,25,19
293BRS0190,16,8,10,5,14,11
293BRS0200,7,9,8,12,17,16
304BCE0010,6,NULL,13,9,15,16
304BCE0030,5,7,5,14,12,13
304BCE0040,10,9,7,19,20,21
304BCE0050,26,22,19,38,22,31
304BCE0055,7,10,9,14,11,9
304BRN0070,28,18,23,20,31,24
304BRN0080,153,119,150,153,186,192
304BRN0090,49,44,66,57,54,81
304BRN0110,22,14,27,34,21,45
304BRN0120,10,6,10,5,13,15
304BRN0130,26,30,53,59,38,36
304BRN0150,20,21,27,42,33,38
304BRN0170,11,9,9,6,4,6
304BRN0190,18,18,33,17,16,14
304BRN0210,5,9,12,11,8,9
304BRN0220,4,5,6,9,12,7
304BRN0230,23,19,9,12,11,10
304BRN0270,20,25,22,22,30,25
304BRN0275,11,3,8,12,9,10
304BRN0280,4,6,9,17,7,15
304BRN0290,3,6,8,9,2,9
304BRN0300,5,9,6,4,8,8
304BRN0310,2,4,5,9,10,10
304BRN0330,27,26,25,20,23,30
304BRN0370,56,63,67,77,75,80
308BPA0200,2,20,38,47,61,52
308BPA0220,NULL,1,1,5,NULL,3
308BPA0225,NULL,5,1,12,9,8
308BPA0230,NULL,NULL,1,2,2,1
308BPA0240,NULL,NULL,NULL,2,NULL,1
308BPA0250,NULL,NULL,NULL,1,NULL,NULL
316BAL0830,6,3,1,1,1,NULL
316BAL0850,6,5,6,4,4,NULL
316BAL0870,5,12,8,17,10,11
316BAL0890,1,9,13,15,9,11
316BAL0910,23,21,22,24,27,26
316BAL0911,4,10,12,13,16,15
316BAL0930,4,11,7,13,14,8
316BAL0940,13,11,13,21,27,18
316BAL0950,10,13,7,10,16,19
316BAL0970,14,17,12,12,16,18
316BAL0990,7,10,16,20,27,22
316BAL1010,3,2,5,2,4,3
316BAL1015,1,1,NULL,2,3,5
316BAL1020,3,4,3,8,4,7
316BAL1030,7,7,6,10,8,7
316BAL1040,10,9,13,8,9,7
316BAL1050,32,35,38,54,46,52
316BAL1070,15,13,13,20,21,24
316BAL1090,18,27,12,10,29,26
316BAL1110,7,8,7,5,11,10
316BAL1130,19,21,16,29,44,32
316BAL1131,176,203,240,257,261,188
316BAL1150,256,309,373,483,496,510
316BAL9030,3,3,7,3,1,NULL
316BMA0240,10,9,8,7,10,11
316BMA0250,3,4,2,7,4,4
316BMA0260,7,4,7,11,10,14
316BMA0265,8,13,9,12,33,24
316BMA0270,16,12,8,25,20,19
316BMA0280,19,14,16,14,10,24
316BMA0282,43,32,31,35,48,45
316BMA0300,22,26,15,16,17,19
316BMA0302,11,17,14,15,9,8
316BMA0310,8,8,8,6,9,10
316BMA0312,36,41,25,44,47,50
316BMA0320,12,15,6,10,15,10
316BMA0330,13,7,8,8,10,14
316BMA0350,38,32,33,35,40,30
316BMA0360,70,78,52,66,63,88
316BMA0370,27,28,35,39,20,34
316BMA0375,48,64,79,55,76,64
316BPA0190,15,29,12,18,23,19
316BPA0200,3,8,4,8,7,9
316BPA0210,2,4,4,5,7,5
316BPA0220,3,13,10,13,9,12
316BPA0230,1,5,5,6,13,11
316BPE0570,7,7,4,8,8,10
316BPE0590,4,3,4,3,3,5
316BPE0610,22,23,19,24,34,36
316BPE0620,5,9,10,18,23,12
316BPE0630,10,11,15,19,19,18
316BPE0650,21,18,25,32,33,33
316BPE0660,1,NULL,2,3,2,2
316BPE0670,NULL,2,4,7,5,4
316BPE0680,1,NULL,1,NULL,NULL,NULL
316BPE0710,6,12,7,15,19,8
316BPE0720,1,2,5,1,1,3
316BPE0725,6,8,20,20,14,12
316BPE0730,4,7,7,8,18,6
316BPE0750,19,23,33,32,34,43
316BPI0410,123,107,105,119,162,131
316BPI0415,110,154,118,149,221,198
316BPI0420,27,35,38,61,70,69
316BPI0425,11,22,32,22,31,29
316BPI0430,6,8,6,6,4,9
316BPI0435,14,24,19,18,37,34
316BPI0440,11,20,20,21,17,16
316BPI0445,7,9,10,14,15,13
316BPI0450,8,16,9,18,13,14
316BPI0455,3,5,7,7,12,11
316BPI0460,4,3,5,4,NULL,5
316BPI0465,13,13,12,7,15,14
316BPI0470,10,16,20,28,25,11
316BPI0550,28,38,43,45,31,51
317BAC0170,7,1,3,3,NULL,5
317BAC0180,4,3,3,1,10,5
317BAC0190,4,7,2,2,3,7
317BAC0210,NULL,1,NULL,2,NULL,4
317BAC0230,7,6,10,8,5,8
317BAC0250,7,1,3,7,3,1
317BAC0270,6,6,6,6,4,5
317BAC0310,NULL,3,1,3,1,NULL
317BAC0330,2,NULL,1,1,NULL,1
317BAC0350,NULL,1,1,1,NULL,1
317BAC0370,2,2,4,4,5,2
317BAC0390,5,6,4,5,1,3
317BAC0410,1,1,3,7,2,3
317BAC0460,3,2,3,1,NULL,2
317BAC0470,6,1,2,3,4,1
317BAC0490,1,2,2,2,2,1
317BAC0510,1,1,2,4,1,1
317BAC0530,6,1,3,6,6,1
317BAC0550,NULL,1,NULL,NULL,1,NULL
317BAC0570,NULL,4,2,2,NULL,NULL
317BAC0610,1,2,3,2,2,1
317BAM0125,NULL,NULL,NULL,NULL,2,NULL
317BAM0150,NULL,NULL,NULL,1,1,NULL
317BAM0155,NULL,1,NULL,NULL,NULL,NULL
319BAM0140,NULL,NULL,NULL,1,1,NULL
319BAM0210,NULL,1,3,NULL,NULL,1
319BAM0215,NULL,1,NULL,1,1,NULL
319BAM0220,NULL,1,1,NULL,NULL,1
319BAM0235,NULL,1,1,NULL,1,1
319BAM0240,1,NULL,1,NULL,NULL,2
319BAM0250,NULL,NULL,NULL,NULL,1,NULL
319BAM0260,NULL,NULL,NULL,1,NULL,NULL
319BAM0265,NULL,1,NULL,NULL,3,1
319BAM0275,NULL,1,NULL,NULL,NULL,NULL
319BAM0280,NULL,NULL,1,NULL,1,2
319BAM0290,1,NULL,NULL,NULL,1,1
319BRO0225,464,585,704,800,887,694
324BBA0232,NULL,NULL,NULL,NULL,NULL,2
324BBA0252,19,19,24,24,42,38
324BBA0270,15,16,16,15,18,19
324BBA0290,24,29,30,29,29,30
324BBA0310,21,18,21,35,26,45
324BBA0312,14,10,10,19,18,31
324BBA0340,180,161,199,236,343,274
324BBA0350,213,262,302,358,392,344
324BBA0370,29,40,39,45,47,42
324BBA0372,46,52,69,61,76,67
324BBA0390,166,182,205,237,231,188
324BBA0410,59,40,69,52,74,47
324BBA0430,94,95,112,115,143,103
324BBA0450,200,227,197,210,239,192
324BBA0470,105,140,138,141,146,164
324BBA0472,37,31,27,28,27,29
324BBA0490,76,85,88,75,71,125
324BBA0492,150,159,154,224,188,181
324BBA0496,122,147,150,170,170,147
324BBA0498,306,352,310,476,541,453
324BBA9000,NULL,87,68,117,128,156
330BBA0270,10,22,29,40,36,41
330BBA0272,9,8,26,36,26,17
330BBA0290,2,9,10,7,9,10
330BBA0310,4,1,4,5,1,4
330BBA0312,3,3,3,4,10,12
330BBA0330,NULL,1,4,8,1,9
343BPI0010,14,1,9,10,14,14
343BPI0020,24,16,15,31,30,44
343BPI0025,53,40,60,69,87,96
343BPI0030,17,27,16,20,19,34
343BPI0035,16,17,14,11,11,22
343BPI0050,2,5,10,10,7,6
343BPI0070,18,13,13,20,14,15
343BPI0075,2,NULL,1,NULL,3,2
343BPI0090,23,19,17,16,20,12
343BPI0100,NULL,2,NULL,NULL,1,NULL
343BPI0110,2,1,1,1,2,1
343BPI0112,10,6,10,7,12,10
343BPI0115,6,10,11,11,9,9
343BPI0121,1,NULL,1,NULL,3,4
343BPI0122,8,8,7,12,13,16
343BPI0123,2,NULL,NULL,3,NULL,1
343BPI0130,27,34,20,27,23,23
343BPI0132,NULL,NULL,3,3,2,2
343BPI0133,44,44,32,40,49,44
343BPI0135,14,15,15,25,26,25
343BPI0150,56,65,64,59,68,81
343BPI0230,4,6,5,6,4,3
343BPI0250,1,4,2,8,6,5
343BPI0255,3,5,5,6,7,5
343BPI0257,NULL,2,NULL,3,1,1
343BPI0260,5,5,2,6,12,13
343BPI0270,4,10,4,2,9,6
343BPI0290,17,23,16,35,29,33
343BPI0310,13,14,17,28,14,17
343BPI0313,1,NULL,NULL,NULL,NULL,NULL
343BPI0314,1,NULL,NULL,NULL,NULL,NULL
343BPI0316,1,NULL,NULL,NULL,NULL,NULL
343BPI0320,59,55,83,91,95,74
349BBA0310,NULL,NULL,NULL,NULL,NULL,1
349BBA0450,NULL,NULL,NULL,NULL,NULL,1
349BBA0470,NULL,NULL,NULL,NULL,NULL,1
354BMG0510,70,67,77,63,80,65
354BMG0530,30,24,17,21,26,19
354BMG0550,47,50,52,67,68,47
354BMG0570,18,14,16,11,17,22
354BMG0590,20,16,23,18,12,26
354BRJ0610,19,25,30,29,20,49
356BMG0200,NULL,1,NULL,NULL,NULL,NULL
356BMG0210,95,117,150,142,156,159
356BRJ0230,1,1,4,1,6,5
356BRJ0250,13,10,4,8,10,6
356BRJ0270,32,29,24,32,29,21
356BRJ0290,15,20,19,19,29,28
356BRJ0300,NULL,2,1,1,NULL,NULL
356BRJ0305,1,NULL,NULL,NULL,NULL,NULL
356BRJ0310,41,31,30,46,34,36
356BRJ0330,20,32,30,37,42,28
356BRJ0350,21,23,31,34,34,26
356BRJ0370,8,13,10,17,27,26
356BRJ0385,1,3,1,NULL,1,4
356BRJ0390,41,66,50,64,71,49
356BRJ0410,NULL,3,2,3,7,4
356BRJ0430,47,56,53,81,83,71
356BRJ0450,31,34,33,22,41,43
359BMS0040,NULL,NULL,NULL,NULL,NULL,1
359BMS0045,NULL,NULL,NULL,NULL,3,2
359BMS0050,NULL,NULL,NULL,1,7,5
359BMS0054,NULL,NULL,NULL,NULL,6,3
359BMS0058,NULL,NULL,NULL,5,15,7
359BMS0105,NULL,NULL,NULL,NULL,1,NULL
359BMS0110,NULL,NULL,NULL,5,5,5
361BPB0010,33,38,53,41,45,38
361BPB0015,6,2,3,8,4,2
361BPB0020,8,7,7,8,12,4
361BPB0030,NULL,1,1,1,3,NULL
361BPB0035,1,3,3,3,6,2
361BPB0040,1,7,11,9,9,10
364BAC1550,7,6,4,10,6,4
364BAC1570,6,6,6,4,10,6
364BAC1590,15,14,18,23,29,25
364BAC1592,79,104,93,119,157,126
364BAC1594,97,100,125,156,185,187
364BAC1610,27,21,28,26,29,32
364BAC1620,7,17,12,19,15,17
364BAC1630,17,28,15,29,24,20
364BAC1670,4,4,5,3,10,5
364BAC1690,NULL,NULL,NULL,NULL,NULL,5
364BAC1710,NULL,NULL,NULL,NULL,NULL,1
364BAC1730,NULL,NULL,NULL,NULL,NULL,1
364BAC1810,NULL,NULL,NULL,NULL,NULL,1
364BAC9010,2,1,1,3,2,2
364BGO0390,10,21,20,15,21,11
364BGO0392,7,10,24,17,16,11
364BGO0395,5,9,11,14,21,10
364BGO0410,28,18,18,22,41,18
364BGO0430,5,6,3,7,6,4
364BGO0440,21,29,23,26,17,20
364BGO0450,16,19,21,23,21,17
364BGO0470,14,21,18,17,15,12
364BGO0475,18,12,12,10,8,5
364BGO0480,12,17,12,25,18,16
364BGO0510,37,37,34,35,27,31
364BGO0530,17,23,26,22,18,8
364BGO0535,51,42,39,33,49,58
364BGO0540,3,15,9,8,6,8
364BGO0545,6,15,11,9,21,11
364BGO0550,18,17,15,15,14,15
364BGO0570,24,24,33,21,28,29
364BGO0580,12,23,21,22,19,23
364BMG0250,61,93,73,89,96,101
364BMG0270,23,12,12,11,22,20
364BMG0370,NULL,NULL,NULL,NULL,NULL,1
364BMT0590,13,13,15,14,24,30
364BMT0600,26,19,39,19,24,40
364BMT0605,36,50,34,46,46,56
364BMT0610,22,17,28,42,51,67
364BMT0615,7,9,7,12,3,13
364BMT0620,24,23,39,43,47,42
364BMT0625,2,4,8,5,12,12
364BMT0630,49,67,77,81,90,109
364BMT0635,1,NULL,2,3,2,4
364BMT0640,5,5,12,10,13,16
364BMT0645,49,69,70,71,94,87
364BMT0892,13,11,15,21,37,37
364BMT0912,4,6,5,9,7,7
364BMT0930,1,3,NULL,5,4,10
364BMT0940,NULL,3,NULL,1,1,2
364BMT0950,NULL,NULL,NULL,1,2,NULL
364BMT0960,NULL,NULL,NULL,NULL,1,4
364BMT0975,NULL,NULL,NULL,NULL,NULL,1
364BMT0980,NULL,NULL,NULL,NULL,NULL,1
364BMT0982,NULL,NULL,NULL,NULL,NULL,1
364BMT0990,NULL,NULL,NULL,2,NULL,2
364BMT0995,NULL,1,NULL,1,1,NULL
364BMT0998,NULL,NULL,NULL,3,1,2
364BMT1000,1,1,NULL,8,8,3
364BRO1050,48,47,70,52,46,39
364BRO1060,27,35,31,26,43,50
364BRO1070,31,36,45,60,60,63
364BRO1090,8,12,11,19,15,24
364BRO1110,40,53,68,73,62,64
364BRO1120,48,45,41,43,54,55
364BRO1130,23,23,33,43,49,62
364BRO1140,103,147,136,139,150,168
364BRO1145,14,29,31,21,28,31
364BRO1148,22,23,36,45,41,26
364BRO1149,5,4,NULL,2,3,7
364BRO1154,23,33,33,42,45,37
364BRO1160,237,267,380,359,407,443
364BRO1210,44,47,63,69,78,49
364BRO1215,28,29,29,32,45,47
364BRO1220,10,13,18,14,16,10
364BRO1230,52,67,73,88,72,105
364BRO1240,51,44,97,73,72,94
364BRO1245,45,44,40,72,78,90
364BRO1290,56,44,74,86,109,92
364BRO1300,75,77,84,90,99,93
364BRO1310,6,3,2,8,6,8
364BRO1320,27,20,35,46,44,58
364BRO1330,13,12,22,22,36,37
364BRO1370,37,50,49,50,86,69
364BRO1375,34,30,39,45,46,46
364BRO1380,1,3,20,19,20,21
364BRO1385,26,27,63,93,105,94
364BRO1388,29,30,186,222,238,256
364BRO1390,8,12,135,153,216,122
364BRO1410,17,27,75,73,91,80
364BRO1420,41,57,24,18,27,28
364BRO1425,174,190,31,39,19,12
364BRO1428,21,28,18,16,29,22
364BRO1430,54,54,63,108,156,119
364BRO1450,28,21,57,80,84,76
364BRO1470,11,11,19,19,14,11
364BRO1475,2,4,5,11,4,3
364BRO1480,1,2,3,NULL,1,1
364BRO1485,NULL,1,NULL,1,NULL,NULL
364BRO1490,7,10,11,10,6,4
364BRO1510,6,7,8,6,8,7
364BRO1530,9,5,11,7,7,12
364BRO9000,6,8,10,15,14,13
364BRO9010,12,31,15,14,17,12
364BRO9020,28,20,23,21,21,17
365BMG0030,32,34,44,51,39,39
365BMG0040,10,14,13,15,12,12
365BMG0045,22,34,34,36,35,34
365BMG0050,33,39,55,37,27,27
365BMG0063,17,24,18,30,30,18
365BMG0070,24,38,35,44,73,36
365BMG0090,21,14,14,27,12,8
365BMG0110,31,39,68,79,37,17
365BMG0125,6,3,3,7,4,4
365BMG0130,22,21,32,29,38,27
365BMG0150,22,13,9,9,19,22
365BMG0157,57,71,64,92,77,69
365BMG0190,24,25,31,32,24,37
365BMG0205,25,25,27,17,30,24
365BMG0210,18,27,16,18,28,24
365BMG0230,73,64,99,109,92,88
365BMG0240,9,8,5,5,7,1
365BMG0243,12,16,19,22,23,22
365BMG0250,8,17,25,25,24,19
365BMG0255,25,48,51,61,63,75
365BMG0310,268,285,392,487,476,487
365BMG0330,28,41,56,57,64,89
365BMG0350,24,31,28,42,46,54
365BMG0370,15,16,22,13,17,6
365BMG0410,NULL,NULL,NULL,NULL,1,NULL
367BBA0010,NULL,1,2,1,NULL,2
367BBA0030,154,168,194,249,278,242
369BPR0473,NULL,NULL,6,19,21,25
369BPR0480,NULL,NULL,15,31,35,26
369BPR0490,NULL,NULL,21,30,36,40
369BPR0495,NULL,NULL,24,27,27,19
369BPR0500,NULL,NULL,13,31,15,15
369BPR0505,NULL,NULL,19,15,25,16
369BPR0520,NULL,NULL,11,25,17,18
369BPR0530,NULL,NULL,11,15,14,20
369BPR0540,NULL,NULL,30,55,47,60
369BPR0543,NULL,NULL,3,4,5,2
369BPR0550,NULL,NULL,27,43,46,45
369BPR0565,NULL,NULL,6,7,5,10
369BPR0575,NULL,NULL,23,52,44,41
369BPR0580,NULL,NULL,21,26,38,34
369BPR0590,NULL,NULL,23,43,49,52
369BPR0615,NULL,NULL,109,197,222,209
369BPR0620,NULL,NULL,263,477,493,445
369BPR0630,NULL,NULL,42,89,92,85
369BPR0650,NULL,NULL,78,168,180,175
369BPR0660,NULL,NULL,27,62,79,76
369BPR0665,NULL,NULL,29,72,77,74
369BPR0670,NULL,NULL,34,33,65,45
369BPR0675,NULL,NULL,50,100,104,98
369BPR0680,NULL,NULL,13,28,36,34
369BPR0685,NULL,NULL,55,115,106,116
369BPR0690,NULL,NULL,29,64,69,64
369BPR0695,NULL,NULL,12,27,10,13
369BPR0700,NULL,NULL,NULL,NULL,NULL,1
369BPR0710,NULL,NULL,NULL,1,NULL,NULL
369BPR0715,NULL,NULL,NULL,3,2,NULL
369BPR0720,NULL,NULL,1,5,4,2
369BPR0725,NULL,NULL,3,6,7,7
369BPR0730,NULL,NULL,5,10,18,12
369BPR0735,NULL,NULL,6,10,15,13
369BPR0790,NULL,NULL,10,18,20,13
369BPR0795,NULL,NULL,12,33,19,35
369BPR0800,NULL,NULL,10,18,20,14
369BPR0805,NULL,NULL,4,8,10,18
369BPR0810,NULL,NULL,21,39,39,41
369BPR0830,NULL,NULL,10,15,23,14
369BPR0850,NULL,NULL,12,12,23,19
369BPR0870,NULL,NULL,34,68,61,78
369BPR9010,NULL,NULL,3,4,NULL,4
373BPR0320,107,100,133,155,147,140
373BPR0330,8,18,15,33,34,23
373BPR0350,19,23,25,24,23,16
373BPR0370,14,9,9,14,9,12
373BPR0375,21,21,19,28,33,30
373BPR0380,19,24,29,34,28,23
373BPR0390,31,24,24,39,44,29
373BPR0450,NULL,NULL,2,4,4,7
373BPR0455,NULL,NULL,43,50,48,58
373BPR0470,NULL,NULL,5,18,18,17
373BPR0475,NULL,NULL,16,20,14,24
376BPR0145,NULL,NULL,3,7,8,7
376BPR0150,NULL,NULL,1,5,8,11
376BPR0155,NULL,NULL,14,18,23,24
376BPR0160,NULL,NULL,19,28,22,25
376BPR0165,NULL,NULL,5,13,19,6
376BPR0170,NULL,NULL,16,20,28,30
376BPR0180,NULL,NULL,21,42,50,40
376BPR0185,NULL,NULL,35,50,73,44
376BPR0190,NULL,NULL,1,6,5,9
376BPR0193,NULL,NULL,16,25,26,25
376BPR0195,NULL,NULL,9,23,15,17
376BPR0199,NULL,NULL,17,52,46,39
376BPR0203,NULL,NULL,15,22,24,26
376BPR0204,NULL,NULL,50,113,119,120
376BPR0205,NULL,NULL,28,61,66,75
376BPR0206,NULL,NULL,114,381,361,353
376BPR0207,NULL,NULL,205,453,437,456
376BPR0209,NULL,NULL,65,142,138,133
376BPR0210,NULL,NULL,149,253,232,229
376BPR0215,NULL,NULL,12,22,42,27
376BPR0217,NULL,NULL,12,23,21,24
376BPR0220,NULL,NULL,11,22,37,20
376BPR0225,NULL,NULL,31,70,98,73
376BPR0230,NULL,NULL,30,53,50,57
376BPR0265,NULL,NULL,25,50,45,34
376BPR0270,NULL,NULL,15,20,17,19
376BPR0275,NULL,NULL,31,90,60,63
376BPR0280,NULL,NULL,25,30,46,44
376BPR0285,NULL,NULL,3,13,10,9
376BPR0290,NULL,NULL,4,7,2,9
376BPR0293,NULL,NULL,17,37,49,58
376BPR0295,NULL,NULL,43,85,103,115
376BPR0300,NULL,NULL,40,74,73,42
376BPR0310,NULL,NULL,46,81,113,96
376BPR0330,NULL,NULL,26,64,52,58
376BPR0340,NULL,NULL,35,79,65,44
376BPR0350,NULL,NULL,12,23,9,28
376BPR0370,NULL,NULL,80,78,130,116
376BPR0400,NULL,NULL,14,47,64,48
376BPR0410,NULL,NULL,58,103,97,106
376BPR0415,NULL,NULL,51,92,100,75
376BPR0420,NULL,NULL,97,156,178,145
376BPR0480,264,353,463,513,525,402
376BPR0490,705,1102,1523,1499,1345,1031
376BPR9000,109,124,127,229,285,249
377BRS0075,NULL,1,2,6,15,14
377BRS0090,26,28,41,37,12,17
381BMG0090,NULL,NULL,1,2,NULL,4
381BMG0110,NULL,NULL,NULL,NULL,1,2
381BMG0130,NULL,NULL,NULL,NULL,1,6
381BMG0160,28,15,31,31,14,25
381BMG0170,88,126,158,105,100,97
381BMG0180,161,153,162,99,87,100
381BMG0185,93,85,101,65,57,63
381BMG0190,1,6,5,2,NULL,NULL
381BMG0210,47,45,49,41,32,39
381BMG0230,108,101,87,87,72,81
381BMG0250,214,267,132,213,199,203
381BMG0265,40,48,30,31,39,39
381BMG0275,304,256,356,337,328,309
381BMG0290,322,369,457,527,401,376
381BMG0310,99,95,82,80,63,74
381BMG0330,75,89,75,69,61,72
381BMG0335,513,628,599,550,397,421
381BMG0350,296,306,555,508,528,516
381BMG0490,411,493,597,659,605,646
381BMG0510,26,34,34,57,57,63
381BMG0530,163,224,341,333,330,286
381BMG0550,39,54,49,48,38,54
381BMG0570,108,103,82,87,94,101
381BMG0590,147,230,303,283,263,232
381BMG0610,11,17,18,18,20,23
381BMG0620,249,311,247,261,278,248
381BMG0630,270,242,326,329,307,276
381BMG0650,74,96,122,145,103,124
381BMG0670,413,528,647,674,708,730
381BMG0690,28,25,39,39,27,46
381BMG0710,104,109,129,92,115,88
381BMG0730,273,313,379,409,333,379
381BMG0750,169,174,221,228,243,235
381BMG0770,383,394,369,419,514,578
381BMG0790,316,415,613,572,687,728
381BMG0800,NULL,38,86,72,94,116
381BSP0810,114,161,181,176,215,198
381BSP0830,133,161,242,255,238,274
381BSP0850,388,524,629,426,552,575
381BSP0860,399,609,596,561,519,499
381BSP0870,88,139,144,153,163,185
386BRS0130,25,39,31,48,62,60
386BRS0140,7,15,18,19,12,14
386BRS0150,10,18,28,25,28,28
386BRS0155,77,86,88,94,107,113
386BRS0190,32,42,43,56,64,49
386BRS0230,26,18,32,28,31,43
386BRS0235,43,50,42,55,72,66
386BRS0238,45,48,51,45,57,55
386BRS0240,127,98,78,128,104,91
386BRS0242,20,25,27,29,28,16
386BRS0244,62,66,61,65,67,52
386BRS0247,39,47,28,35,45,51
386BRS0250,96,110,78,91,113,105
386BRS0260,87,91,84,153,113,115
386BRS0263,15,30,14,24,23,19
386BRS0265,85,93,73,102,89,100
386BRS0290,39,51,37,52,54,46
386BRS0330,252,240,257,309,307,292
392BRS0010,71,98,73,68,103,148
392BRS0030,24,25,14,21,37,27
392BRS0050,47,63,64,83,54,98
392BRS0070,110,100,91,134,118,122
392BRS0090,21,25,33,30,44,38
392BRS0110,81,92,79,107,127,77
392BRS0130,7,5,3,11,13,6
392BRS0150,19,4,16,20,15,14
392BRS0160,21,21,36,23,35,33
392BRS0170,22,11,20,23,61,49
392BRS0190,13,12,12,16,20,25
392BRS0210,17,9,19,21,15,14
392BRS0230,22,21,19,25,27,12
392BRS0233,8,13,5,12,5,9
392BRS0250,109,99,125,145,146,136
392BRS0330,1,NULL,NULL,NULL,NULL,NULL
392BRS0417,2,NULL,1,1,3,NULL
392BRS0430,13,10,13,13,11,8
392BRS0440,6,7,8,23,8,13
392BRS0450,7,16,10,15,15,8
392BRS0470,7,11,9,17,13,7
393BES0010,14,32,30,29,45,39
393BES0030,9,14,19,31,30,41
393BES0050,NULL,1,2,2,4,8
393BRJ0275,39,44,63,49,47,33
393BRJ0290,31,28,29,32,32,28
393BRJ0330,115,117,124,166,147,116
393BRJ0350,22,31,32,44,46,59
393BRJ0370,7,12,4,14,14,15
393BRJ0390,12,29,31,29,26,41
393BRJ0410,26,44,43,60,62,46
393BRJ0430,2,5,7,4,5,6
393BRJ0450,16,37,19,34,33,36
393BRJ0470,38,54,47,64,65,52
393BRJ0490,17,18,16,19,21,17
393BRJ0510,104,96,121,85,110,107
393BRJ0530,56,59,69,69,52,69
393BRJ0550,290,283,361,401,494,474
393BRJ0570,71,63,53,71,70,68
393BRJ0590,59,96,79,79,67,64
401BRR0010,58,42,31,31,27,27
401BRR0030,2,2,1,3,NULL,2
401BRR0050,4,6,3,5,10,4
401BRR0060,NULL,NULL,NULL,1,2,NULL
401BRR0075,1,NULL,NULL,NULL,NULL,NULL
401BRR0110,1,NULL,1,NULL,NULL,NULL
401BRR9010,1,3,3,3,3,2
402BMA0072,2,2,2,3,3,3
402BMA0080,NULL,1,3,2,1,NULL
402BPI0170,8,13,7,4,19,10
402BPI0190,19,16,20,20,29,36
402BPI0210,5,3,1,1,2,5
404BPI0015,5,5,20,21,31,19
404BPI0020,NULL,NULL,NULL,2,5,3
404BPI0025,NULL,NULL,NULL,NULL,1,NULL
405BPB0170,5,2,6,5,2,8
405BPB0190,8,11,6,10,12,15
405BPB0210,1,1,3,3,8,6
405BRN0010,26,20,25,35,39,24
405BRN0030,17,7,11,20,22,12
405BRN0050,12,7,18,20,25,19
405BRN0060,6,7,10,11,9,6
405BRN0070,10,4,7,11,3,8
405BRN0080,1,2,2,NULL,3,1
405BRN0090,NULL,NULL,NULL,NULL,1,3
405BRN0100,1,1,2,3,20,14
405BRN0110,1,NULL,1,4,26,21
405BRN0130,NULL,1,NULL,3,4,3
405BRN0140,1,3,2,4,3,3
405BRN0150,1,1,1,NULL,1,1
406BRN0015,1,NULL,1,NULL,NULL,1
406BRN0025,2,NULL,2,4,3,2
406BRN0030,1,4,1,3,3,4
406BRN0032,4,8,7,4,6,11
406BRN0050,15,17,21,32,28,22
406BRN0070,5,12,10,14,12,15
406BRN0090,11,8,10,21,9,11
406BRN0100,7,4,8,8,5,4
406BRN0110,25,26,25,30,42,47
406BRN0130,94,56,41,71,80,61
407BBA0290,22,28,15,30,94,137
407BBA0292,15,18,12,10,7,4
407BBA0294,5,11,14,2,10,2
407BBA0296,32,35,26,18,21,21
407BBA0300,54,53,64,44,50,52
407BBA0310,27,27,24,26,23,20
407BBA0320,4,9,7,12,17,16
407BBA0324,24,26,19,17,23,29
407BBA0326,15,12,14,20,25,24
407BPE0210,1,NULL,4,3,4,6
407BPE0230,7,9,3,10,4,9
407BPE0240,3,9,5,9,6,6
407BPE0250,39,37,60,68,98,87
407BPI0080,14,18,18,22,32,9
407BPI0090,4,7,3,8,4,3
407BPI0150,1,NULL,NULL,2,NULL,14
407BPI0170,NULL,NULL,1,2,NULL,3
407BPI0172,1,1,NULL,NULL,NULL,1
407BPI0173,2,1,2,4,7,11
407BPI0175,5,3,2,3,NULL,4
407BPI0177,NULL,NULL,4,6,1,5
407BPI0180,1,1,4,6,4,6
407BPI0183,1,1,4,3,2,4
407BPI0185,NULL,1,NULL,NULL,NULL,NULL
408BPE0110,7,12,10,15,10,7
408BPE0130,2,4,9,12,5,4
408BPE0150,11,10,9,13,7,3
408BPE0160,8,10,11,16,13,6
408BPE0170,34,46,37,40,28,11
408BPE0190,11,19,15,19,7,12
408BPE0200,46,50,61,86,64,44
408BPE0220,42,55,43,53,61,32
408BPE0240,25,36,24,39,42,31
408BPE0260,60,68,80,89,89,84
410BBA0010,25,25,25,49,32,26
410BBA0020,1,3,NULL,NULL,1,NULL
412BPB0010,14,8,4,10,10,10
412BPB0030,8,7,10,12,5,10
412BPB0040,1,1,3,2,1,3
412BPB0050,3,3,1,2,1,1
412BPB0055,7,6,11,8,12,7
412BPB0070,2,1,3,2,2,7
414BGO0080,NULL,NULL,NULL,1,NULL,3
414BGO0083,14,9,6,14,11,13
414BGO0090,4,3,3,4,NULL,3
414BGO0100,2,6,NULL,2,NULL,1
414BGO0110,1,2,1,2,4,8
414BGO0111,4,2,3,2,6,3
414BGO0115,9,6,7,11,15,17
414BGO0130,28,30,28,20,29,24
414BGO0132,13,14,17,20,8,24
414BGO0134,83,62,70,96,97,110
415BBA0020,NULL,NULL,NULL,NULL,NULL,1
416BAL0030,6,3,2,4,10,4
416BAL0040,NULL,1,1,3,4,2
416BAL0050,3,1,NULL,2,1,NULL
418BBA0010,5,3,4,3,2,1
418BBA0012,5,4,11,8,21,7
418BBA0014,28,25,18,31,39,8
418BBA0050,NULL,NULL,NULL,NULL,NULL,13
418BBA0052,NULL,NULL,NULL,NULL,NULL,12
418BBA0054,NULL,NULL,NULL,NULL,NULL,7
419BMS0090,4,12,6,4,5,8
419BMS0092,5,6,6,9,11,9
419BMS0110,4,6,4,4,4,5
420BBA0010,NULL,NULL,NULL,1,NULL,NULL
420BBA0090,NULL,NULL,NULL,NULL,NULL,1
420BBA0210,NULL,NULL,NULL,NULL,NULL,3
420BBA0212,NULL,NULL,NULL,NULL,NULL,5
420BBA0214,NULL,NULL,NULL,NULL,NULL,2
420BBA0218,NULL,NULL,NULL,NULL,NULL,1
420BBA0220,NULL,NULL,NULL,NULL,NULL,1
420BBA0230,NULL,NULL,NULL,NULL,NULL,1
421BRO9010,NULL,NULL,NULL,NULL,1,NULL
422BPA0010,NULL,NULL,2,7,NULL,NULL
422BPA0018,NULL,NULL,1,NULL,NULL,NULL
423BAL0190,4,4,6,3,7,10
423BAL0210,7,6,5,9,11,9
423BAL0230,6,10,10,18,21,16
423BAL0240,13,10,24,23,18,28
423BAL0250,6,7,6,16,25,11
423BPE0030,18,22,22,34,32,16
423BPE0050,39,24,33,46,36,38
423BPE0070,28,30,34,32,36,31
423BPE0075,51,48,45,54,77,56
423BPE0080,26,54,40,54,55,38
423BPE0090,7,13,14,16,23,27
423BPE0110,3,5,5,10,3,5
423BPE0130,4,8,3,19,16,16
423BPE0150,8,9,10,7,21,18
423BPE0170,6,6,3,7,11,6
424BAL0150,1,NULL,NULL,NULL,NULL,NULL
424BAL0170,2,NULL,NULL,NULL,NULL,NULL
424BAL0310,4,15,15,14,20,14
424BPE0010,21,15,20,37,39,40
424BPE0030,3,4,1,5,4,5
424BPE0035,7,17,19,24,13,16
424BPE0050,24,25,36,20,31,43
424BPE0070,28,30,38,55,39,45
424BPE0090,4,4,3,9,8,11
424BPE0115,2,NULL,1,4,4,2
425BRO0020,4,3,2,8,5,1
426BPB0050,NULL,NULL,NULL,NULL,NULL,1
427BPB0210,1,1,NULL,3,2,NULL
427BPB0250,13,18,11,13,17,18
427BRN0030,25,17,22,34,23,12
427BRN0070,6,7,6,6,3,9
427BRN0080,1,4,5,5,12,2
427BRN0090,6,4,4,3,5,NULL
427BRN0110,17,11,11,27,19,15
427BRN0120,19,16,22,32,22,15
427BRN0170,1,NULL,2,2,3,NULL
427BRN0180,2,2,6,11,3,10
427BRN0190,NULL,NULL,1,NULL,2,2
427BRN9010,5,2,4,2,5,8
428BPE0030,35,44,40,51,77,53
428BPE0050,17,35,18,34,37,24
429BRO0020,1,NULL,NULL,1,10,5
429BRO0031,1,NULL,NULL,NULL,4,10
429BRO0035,NULL,NULL,NULL,NULL,1,1
429BRO0040,NULL,NULL,NULL,NULL,NULL,1
429BRO0090,NULL,NULL,NULL,NULL,1,NULL
429BRO0095,NULL,NULL,NULL,NULL,1,NULL
432BRR0005,NULL,NULL,NULL,NULL,NULL,1
432BRR0050,1,1,NULL,1,1,NULL
432BRR0060,4,NULL,NULL,1,1,NULL
432BRR0065,3,NULL,NULL,NULL,NULL,NULL
432BRR0070,NULL,1,NULL,NULL,1,1
432BRR0075,2,7,10,6,4,4
432BRR0080,1,2,NULL,1,2,NULL
433BRR0010,1,NULL,NULL,NULL,NULL,NULL
433BRR0100,NULL,1,NULL,NULL,NULL,NULL
447BES0010,NULL,1,NULL,5,3,1
447BES0020,NULL,1,4,3,6,5
447BES0030,NULL,8,12,31,50,14
450BDF0010,3,2,NULL,NULL,2,1
450BDF0030,NULL,1,NULL,NULL,NULL,NULL
450BDF0050,2,3,NULL,NULL,NULL,NULL
450BDF0070,3,1,NULL,NULL,1,NULL
450BDF0090,5,NULL,NULL,1,1,NULL
450BDF0110,1,NULL,NULL,NULL,NULL,NULL
450BDF0130,6,2,NULL,1,2,1
450BDF0150,11,1,NULL,1,1,5
450BDF0170,NULL,NULL,NULL,NULL,NULL,2
450BDF0190,4,NULL,1,NULL,NULL,1
450BDF0210,NULL,NULL,1,NULL,NULL,NULL
450BDF0230,22,35,18,12,13,21
450BDF0250,58,52,85,57,86,66
452BGO0010,20,22,33,56,61,80
452BGO0011,NULL,NULL,1,1,2,6
452BGO0012,1,2,6,9,16,12
452BGO0030,4,13,7,11,12,15
452BGO0032,3,3,5,7,10,9
452BGO0033,NULL,2,1,1,4,NULL
452BGO0034,NULL,NULL,1,3,2,1
452BGO0036,15,21,21,19,24,25
452BGO0040,NULL,3,5,5,5,11
452BGO0050,9,22,26,50,57,48
452BMG0210,58,45,60,72,65,70
452BMG0220,30,22,15,25,18,26
452BMG0225,1,1,1,3,4,3
452BMG0230,37,27,33,34,32,19
452BMG0235,2,2,9,4,3,6
452BMG0237,9,13,16,13,15,17
452BMG0240,2,5,3,1,4,1
452BMG0250,31,45,36,48,47,58
452BMG0270,9,5,6,14,15,11
453BRS0250,NULL,NULL,NULL,NULL,NULL,5
453BRS0290,NULL,NULL,NULL,NULL,NULL,40
459BMG0015,55,49,49,47,32,31
459BMG0020,28,34,32,22,20,29
459BMG0023,79,86,89,104,91,73
459BMG0030,74,54,47,63,76,84
459BMG0050,96,68,77,70,64,74
459BMG0070,104,90,97,90,87,72
459BMG0090,11,9,18,15,13,11
459BMG0110,29,23,26,19,16,32
459BMG0115,2,3,3,3,4,2
459BMG0120,1,NULL,2,NULL,NULL,NULL
459BMG0125,3,2,NULL,1,NULL,NULL
459BMG0130,5,2,1,2,3,2
459BMG0150,5,9,5,7,3,5
459BSP0170,44,39,36,28,53,42
459BSP0190,57,72,53,58,75,60
460BMG0030,NULL,1,NULL,NULL,NULL,NULL
460BMG0050,29,30,31,39,36,30
460BMG0070,38,37,31,27,21,31
463BMS0030,28,25,41,33,27,29
463BMS0070,17,14,25,15,10,8
463BMS0090,19,26,27,59,28,25
463BMS0110,11,18,20,29,37,37
463BMS0130,2,6,4,7,6,3
463BMS0150,8,23,22,24,27,29
463BMS0170,16,10,21,25,37,25
465BRJ0010,9,26,21,31,29,23
465BRJ0020,55,63,53,52,78,59
465BRJ0025,9,5,12,23,24,20
465BRJ0028,33,44,46,44,53,47
465BRJ0030,66,69,72,65,87,71
465BRJ0070,61,83,105,105,130,116
467BPR0070,NULL,NULL,31,53,53,85
468BRS0010,3,2,NULL,2,2,NULL
468BRS0030,11,12,17,15,15,19
468BRS0050,17,13,22,22,17,21
468BRS0070,2,6,2,3,10,8
468BRS0090,NULL,2,2,1,3,2
468BRS0110,4,12,10,10,17,13
468BRS0120,13,19,18,19,9,14
468BRS0125,3,3,8,5,10,6
468BRS0128,4,3,3,1,NULL,3
469BPR0030,36,19,29,23,23,17
469BPR0040,19,12,23,15,30,15
469BPR0050,2,1,NULL,NULL,3,2
469BPR9010,1,1,NULL,NULL,NULL,NULL
470BRS0330,NULL,NULL,NULL,1,6,9
470BRS0335,NULL,NULL,NULL,NULL,NULL,8
470BRS0340,NULL,NULL,NULL,NULL,NULL,1
470BRS0345,NULL,NULL,NULL,NULL,NULL,9
470BSC0010,53,66,88,105,88,62
470BSC0030,28,38,45,57,38,51
470BSC0050,150,129,213,164,204,185
470BSC0060,153,165,196,246,212,168
470BSC0090,251,277,317,325,277,210
470BSC0100,180,216,191,238,198,162
470BSC0110,392,406,460,506,532,402
470BSC0130,313,256,343,328,348,280
470BSC0150,296,278,313,355,298,290
470BSC0160,194,151,203,224,192,164
470BSC0165,114,95,103,112,108,110
470BSC0170,288,212,258,275,305,283
470BSC0173,88,87,114,107,102,86
470BSC0175,169,176,187,202,204,153
470BSC0180,140,103,184,238,172,153
470BSC0190,41,48,43,65,69,49
470BSC0210,44,52,43,48,60,54
470BSC0230,74,74,65,76,72,76
470BSC0250,22,10,15,11,21,12
470BSC0310,5,7,7,4,3,3
471BRS0050,3,7,5,5,4,7
471BRS0051,3,2,3,11,7,12
471BRS0052,40,35,51,29,48,53
471BRS0070,15,20,20,19,25,29
471BRS0210,10,9,5,11,9,7
471BRS0230,20,20,13,21,19,19
471BRS0250,29,32,34,25,30,17
471BRS027,NULL,NULL,NULL,NULL,4,8
471BRS0270,NULL,NULL,NULL,NULL,5,10
472BRS0010,3,1,NULL,NULL,NULL,NULL
472BRS0070,5,5,8,15,17,11
472BRS0090,19,21,13,24,23,18
472BRS0095,8,9,3,9,9,5
472BRS0110,12,7,13,18,11,11
472BRS0180,2,1,3,10,8,8
472BRS0185,3,3,2,1,1,2
472BRS0190,19,23,22,26,32,26
472BRS0200,9,3,4,7,9,8
472BRS0210,48,60,78,95,112,98
472BRS0225,17,7,5,3,1,2
472BRS0230,12,12,8,14,9,8
473BRS0110,NULL,1,5,2,1,1
473BRS0150,3,NULL,NULL,NULL,NULL,NULL
474BMG0010,NULL,3,6,5,10,9
474BMG0012,NULL,NULL,4,3,2,4
474BMG0015,NULL,NULL,1,1,4,1
474BMG0020,NULL,2,3,5,7,6
474BMG0025,NULL,3,7,9,13,11
474BMG0035,NULL,4,8,10,10,5
474BMG0040,NULL,3,8,11,6,4
474BMG0045,NULL,2,2,3,3,6
474BMG0047,NULL,10,16,23,14,21
474BMG0050,NULL,3,13,32,25,25
476BPR0030,NULL,2,NULL,NULL,NULL,NULL
476BPR0033,NULL,NULL,NULL,NULL,2,1
476BPR0036,15,14,17,8,19,17
476BPR0040,33,48,31,37,46,33
476BPR0050,27,37,57,43,37,47
476BPR0055,266,338,304,289,339,269
476BPR0060,207,428,392,389,396,306
476BPR0065,57,105,110,125,119,95
476BPR0070,172,292,242,229,164,148
476BPR0080,375,581,531,595,495,439
476BPR0090,NULL,NULL,87,173,209,131
476BPR0091,NULL,NULL,14,17,26,15
476BPR0093,NULL,NULL,39,60,61,56
476BPR0094,NULL,NULL,50,81,90,84
476BPR0095,NULL,NULL,47,87,78,63
476BPR0100,NULL,NULL,12,14,9,14
476BPR0110,NULL,NULL,80,148,204,189
476BPR0120,NULL,NULL,22,47,28,19
476BPR0125,NULL,NULL,6,26,22,29
476BPR0130,NULL,NULL,51,68,72,71
476BPR0140,NULL,NULL,31,69,70,60
476BPR0145,NULL,NULL,19,38,37,21
476BPR0153,NULL,NULL,2,5,11,12
476BPR0157,NULL,NULL,5,7,8,8
480BRS0170,1,3,4,NULL,NULL,NULL
480BRS0171,43,43,46,52,24,NULL
480BRS0176,NULL,NULL,NULL,NULL,39,69
480BSC0130,NULL,NULL,NULL,NULL,33,249
485BRJ0045,2,7,2,1,2,6
485BRJ0050,3,2,1,1,3,2
487BPR0070,NULL,NULL,4,2,4,3
487BPR0154,NULL,NULL,4,2,NULL,2
487BPR0160,NULL,NULL,1,NULL,NULL,NULL
487BPR0165,NULL,NULL,NULL,1,2,NULL
487BPR0170,NULL,NULL,NULL,4,2,3
487BPR0175,NULL,NULL,37,77,78,74
487BPR0180,NULL,NULL,19,40,27,34
487BPR0190,NULL,NULL,5,18,11,4
487BPR0195,NULL,NULL,9,14,10,4
488BSP0010,2,7,9,9,6,8
488BSP0011,9,9,8,12,9,11
488BSP0012,14,14,31,14,22,13
488BSP0013,27,15,24,27,38,29
488BSP0014,6,16,5,6,9,10
488BSP0015,2,3,5,3,2,1
492BRJ0310,369,382,345,512,532,552
493BRJ0010,77,107,140,118,177,158
493BRJ0030,23,24,34,33,45,36
493BRJ0050,31,50,64,71,106,115
493BRJ0152,1,5,8,20,22,25
495BRJ0010,24,31,38,38,41,43
495BRJ0020,3,2,1,2,3,NULL
498BBA0010,NULL,1,1,1,1,NULL
