uf;descricao;populacao;frota
AC; Acre;776463;188409
AL; Alagoas;3300938;555966
AP; Amapá;734995;141432
AM; Amazonas;3807923;643859
BA; Bahia;15044127;2877271
CE; Ceará;8778575;2166119
DF; Distrito Federal;2789761;1420971
ES; Espírito Santo;3838363;1481976
GO; Goiás;6434052;2929508
MA; Maranhão;6794298;1079655
MG; Mato Grosso;3182114;1429712
MS; Mato Grosso do Sul;2587267;1157245
MG; Minas Gerais;20593366;8295192
PA; Pará;7969655;1265828
PB; Paraíba;3914418;87886
PR; Paraná;10997462;5954243
PE; Pernambuco;9208511;2202726
PI; Piauí;3184165;760779
RJ; Rio de Janeiro;16369178;5212996
RN; Rio Grande do Norte;3737960;888149
RS; Rio Grande do Sul;11164050;5514581
RO; Rondônia;1728214;700065
RR; Roraima;488072;152239
SC; Santa Catarina;6634250;3940467
SP; São Paulo;43663672;23286890
SE; Sergipe;2195662;530207
TO; Tocantins;1478163;481846
